{"time_last_update":1774305127,"weights":{"frec":0.7,"rece":0.3},"init_weights":{"frec":0.7,"rece":0.3},"norms":{"rece":{"beta":0.001,"mean":1.6739210953423749,"var":3.9443522787809058},"frec":{"beta":0.001,"mean":20740.26790425879,"var":970.2696022297828}},"score_map":{"ywst8gQylnse":{"frec":4.9353542958516154,"rece":4.191695005120018,"final":4.712256508632136},"j1naSx_DzPeD":{"frec":0.6976785918197922,"rece":0.59348566335675,"final":0.6664207132808795},"K9cB1q6ocBk3":{"frec":-0.2654295227328948,"rece":-0.3639276209738139,"final":-0.2949789522051705},"svSAbjb7l29v":{"frec":-0.2654295227328948,"rece":-0.36420094281644794,"final":-0.2950609487579607},"IlIWw3MmBevw":{"frec":-0.2654295227328948,"rece":-0.36460979996309595,"final":-0.29518360590195514},"RIyq0UkXj-jl":{"frec":-0.2654295227328948,"rece":-0.36488079429305703,"final":-0.2952649042009434},"hyCYQ3m4Wrko":{"frec":-0.2654295227328948,"rece":-0.36536328734656753,"final":-0.2954096521169966},"3m3b795p2Q55":{"frec":-0.2654295227328948,"rece":-0.36664187024137906,"final":-0.29579322698544},"kSWHw_v6YrUj":{"frec":-0.2654295227328948,"rece":-0.3671249858225767,"final":-0.29593816165979936},"RhI2cyUY44Ue":{"frec":-0.2654295227328948,"rece":-0.3671956003118472,"final":-0.29595934600658047},"cZx_I0GnPk5P":{"frec":-0.2975331265513177,"rece":-0.3749568146652219,"final":-0.32076023298548895},"VLx7yu52vZKh":{"frec":-0.2975331265513177,"rece":-0.3754549000542124,"final":-0.32090965860218607},"cqjq6-OW7hVc":{"frec":-0.2975331265513177,"rece":-0.3755164568724397,"final":-0.32092812564765427},"iOnrf33JRQ1a":{"frec":-0.2975331265513177,"rece":-0.3764151440346318,"final":-0.3211977317963119},"8hFzNaurgQC-":{"frec":-0.2975331265513177,"rece":-0.3766132433784629,"final":-0.3212571615994612},"Hk6EV0k4X4iO":{"frec":-0.2975331265513177,"rece":-0.37661507895278856,"final":-0.3212577122717589}}}