{"time_last_update":1774306996,"weights":{"frec":0.7,"rece":0.3},"init_weights":{"frec":0.7,"rece":0.3},"norms":{"rece":{"beta":0.001,"mean":1.6730500760597011,"var":3.9588665082992125},"frec":{"beta":0.001,"mean":20740.320775064327,"var":979.9903939977346}},"score_map":{"ywst8gQylnse":{"frec":4.941070811541733,"rece":4.181889656524534,"final":4.7133164650365735},"j1naSx_DzPeD":{"frec":0.6925208320060426,"rece":0.5920669265149013,"final":0.6623846603587003},"K9cB1q6ocBk3":{"frec":-0.26579871225012824,"rece":-0.36307804634928426,"final":-0.29498251247987506},"svSAbjb7l29v":{"frec":-0.26579871225012824,"rece":-0.3633507206355496,"final":-0.2950643147657546},"IlIWw3MmBevw":{"frec":-0.26579871225012824,"rece":-0.36375860911446656,"final":-0.2951866813094297},"RIyq0UkXj-jl":{"frec":-0.26579871225012824,"rece":-0.3640289614024213,"final":-0.29526778699581613},"hyCYQ3m4Wrko":{"frec":-0.26579871225012824,"rece":-0.36451031132940154,"final":-0.2954121919739102},"3m3b795p2Q55":{"frec":-0.26579871225012824,"rece":-0.36578586499505106,"final":-0.29579485807360506},"kSWHw_v6YrUj":{"frec":-0.26579871225012824,"rece":-0.36626783597482077,"final":-0.29593944936753597},"RhI2cyUY44Ue":{"frec":-0.26579871225012824,"rece":-0.36633828316365963,"final":-0.29596058352418764},"cZx_I0GnPk5P":{"frec":-0.2977426970586673,"rece":-0.37408110958384083,"final":-0.32064422081621935},"VLx7yu52vZKh":{"frec":-0.2977426970586673,"rece":-0.374578014904811,"final":-0.32079329241251037},"cqjq6-OW7hVc":{"frec":-0.2977426970586673,"rece":-0.3746394258821158,"final":-0.3208117157057018},"iOnrf33JRQ1a":{"frec":-0.2977426970586673,"rece":-0.37553598386725545,"final":-0.3210806831012437},"8hFzNaurgQC-":{"frec":-0.2977426970586673,"rece":-0.37573361387248383,"final":-0.3211399721028122},"Hk6EV0k4X4iO":{"frec":-0.2977426970586673,"rece":-0.37573544509795165,"final":-0.3211405214704526}}}