{"time_last_update":1774162714,"weights":{"frec":0.7,"rece":0.3},"init_weights":{"frec":0.7,"rece":0.3},"norms":{"rece":{"beta":0.001,"mean":1.9278329038703124,"var":1.0563450231349438},"frec":{"beta":0.001,"mean":20733.291041614073,"var":17.086332008747785}},"score_map":{"jEvmisf6cSXb":{"frec":11.299930232539337,"rece":3.9593032945403683,"final":9.097742151139645},"j1naSx_DzPeD":{"frec":6.945332073763215,"rece":1.0153658672064367,"final":5.166342211796181},"K9cB1q6ocBk3":{"frec":-0.31233152419698906,"rece":-0.911739072695919,"final":-0.49215378874666804},"svSAbjb7l29v":{"frec":-0.31233152419698906,"rece":-0.9122892216041739,"final":-0.4923188334191445},"IlIWw3MmBevw":{"frec":-0.31233152419698906,"rece":-0.9131121792964424,"final":-0.49256572072682503},"RIyq0UkXj-jl":{"frec":-0.31233152419698906,"rece":-0.9136576433301054,"final":-0.4927293599369239},"hyCYQ3m4Wrko":{"frec":-0.31233152419698906,"rece":-0.9146288171816764,"final":-0.49302071209239523},"3m3b795p2Q55":{"frec":-0.31233152419698906,"rece":-0.9172023801904546,"final":-0.4937927809950287},"kSWHw_v6YrUj":{"frec":-0.31233152419698906,"rece":-0.9181748070810223,"final":-0.49408450906219903},"RhI2cyUY44Ue":{"frec":-0.31233152419698906,"rece":-0.9183169416568937,"final":-0.49412714943496044},"cZx_I0GnPk5P":{"frec":-0.5542536441289958,"rece":-0.9339389042563444,"final":-0.6681592221672004},"VLx7yu52vZKh":{"frec":-0.5542536441289958,"rece":-0.9349414627431821,"final":-0.6684599897132517},"8hFzNaurgQC-":{"frec":-0.5542536441289958,"rece":-0.9372730045953791,"final":-0.6691594522689108},"Hk6EV0k4X4iO":{"frec":-0.5542536441289958,"rece":-0.9372766992844006,"final":-0.6691605606756172},"XNb07Pv5djv6":{"frec":-0.5542536441289958,"rece":-0.9374517465015068,"final":-0.6692130748407491},"RusiC_iQjhwl":{"frec":-0.5542536441289958,"rece":-0.9398420851038654,"final":-0.6699301764214567}}}