{"time_last_update":1774262646,"weights":{"frec":0.7,"rece":0.3},"init_weights":{"frec":0.7,"rece":0.3},"norms":{"rece":{"beta":0.001,"mean":1.8260463801702387,"var":1.2666335048391617},"frec":{"beta":0.001,"mean":20733.965001556644,"var":55.242355042450825}},"score_map":{"jEvmisf6cSXb":{"frec":8.615516349581238,"rece":6.195405058677615,"final":7.889482962310151},"j1naSx_DzPeD":{"frec":3.7719371175260648,"rece":0.9431734739323239,"final":2.923308024447942},"K9cB1q6ocBk3":{"frec":-0.2643789091865802,"rece":-0.7670299102634851,"final":-0.41517420950965167},"svSAbjb7l29v":{"frec":-0.2643789091865802,"rece":-0.767518138229294,"final":-0.4153206778993943},"IlIWw3MmBevw":{"frec":-0.2643789091865802,"rece":-0.7682484695159955,"final":-0.41553977728540475},"RIyq0UkXj-jl":{"frec":-0.2643789091865802,"rece":-0.7687325399041784,"final":-0.4156849984018597},"hyCYQ3m4Wrko":{"frec":-0.2643789091865802,"rece":-0.7695944051680822,"final":-0.4159435579810308},"3m3b795p2Q55":{"frec":-0.2643789091865802,"rece":-0.771878305788085,"final":-0.4166287281670316},"kSWHw_v6YrUj":{"frec":-0.2643789091865802,"rece":-0.7727412830576136,"final":-0.4168876213478902},"RhI2cyUY44Ue":{"frec":-0.2643789091865802,"rece":-0.7728674199522027,"final":-0.41692546241626693},"cZx_I0GnPk5P":{"frec":-0.39892277674366833,"rece":-0.7867310828758807,"final":-0.515265268583332},"VLx7yu52vZKh":{"frec":-0.39892277674366833,"rece":-0.787620800338351,"final":-0.5155321838220731},"cqjq6-OW7hVc":{"frec":-0.39892277674366833,"rece":-0.7877307577418836,"final":-0.5155651710431329},"iOnrf33JRQ1a":{"frec":-0.39892277674366833,"rece":-0.7893360601241135,"final":-0.5160467617578018},"8hFzNaurgQC-":{"frec":-0.39892277674366833,"rece":-0.7896899200232518,"final":-0.5161529197275434},"Hk6EV0k4X4iO":{"frec":-0.39892277674366833,"rece":-0.7896931988637224,"final":-0.5161539033796845}}}