{"time_last_update":1774277341,"weights":{"frec":0.7,"rece":0.3},"init_weights":{"frec":0.7,"rece":0.3},"norms":{"rece":{"beta":0.001,"mean":1.7699271608365168,"var":2.22707651774918},"frec":{"beta":0.001,"mean":20735.39605901451,"var":193.13008188520382}},"score_map":{"jEvmisf6cSXb":{"frec":7.59897758442109,"rece":5.5134680098824305,"final":6.973324712059492},"j1naSx_DzPeD":{"frec":1.9143485491111865,"rece":0.7407705574460123,"final":1.5622751516116342},"K9cB1q6ocBk3":{"frec":-0.2443713377153591,"rece":-0.543561399416372,"final":-0.33412835622566295},"svSAbjb7l29v":{"frec":-0.2443713377153591,"rece":-0.5439280498303036,"final":-0.3342383513498425},"IlIWw3MmBevw":{"frec":-0.2443713377153591,"rece":-0.5444765154802228,"final":-0.33440289104481824},"RIyq0UkXj-jl":{"frec":-0.2443713377153591,"rece":-0.5448400436281959,"final":-0.33451194948921015},"hyCYQ3m4Wrko":{"frec":-0.2443713377153591,"rece":-0.545487288927305,"final":-0.3347061230789429},"3m3b795p2Q55":{"frec":-0.2443713377153591,"rece":-0.5472024571813702,"final":-0.3352206735551624},"kSWHw_v6YrUj":{"frec":-0.2443713377153591,"rece":-0.5478505375766868,"final":-0.33541509767375743},"RhI2cyUY44Ue":{"frec":-0.2443713377153591,"rece":-0.5479452641139847,"final":-0.3354435156349468},"cZx_I0GnPk5P":{"frec":-0.3163286672762439,"rece":-0.558356625415565,"final":-0.3889370547180402},"VLx7yu52vZKh":{"frec":-0.3163286672762439,"rece":-0.5590247872144416,"final":-0.38913750325770324},"cqjq6-OW7hVc":{"frec":-0.3163286672762439,"rece":-0.5591073632451966,"final":-0.3891622760669297},"iOnrf33JRQ1a":{"frec":-0.3163286672762439,"rece":-0.5603129164378623,"final":-0.3895239420247294},"8hFzNaurgQC-":{"frec":-0.3163286672762439,"rece":-0.5605786588524285,"final":-0.3896036647490993},"Hk6EV0k4X4iO":{"frec":-0.3163286672762439,"rece":-0.560581121202601,"final":-0.38960440345415104}}}