{"time_last_update":1774279350,"weights":{"frec":0.7,"rece":0.3},"init_weights":{"frec":0.7,"rece":0.3},"norms":{"rece":{"beta":0.001,"mean":1.7610886046576735,"var":2.3910817275179967},"frec":{"beta":0.001,"mean":20735.73191812815,"var":235.33351616412293}},"score_map":{"jEvmisf6cSXb":{"frec":7.839863345701321,"rece":5.3243305894500335,"final":7.085203518825935},"j1naSx_DzPeD":{"frec":1.7123260720865088,"rece":0.7195602461569371,"final":1.4144963243076372},"K9cB1q6ocBk3":{"frec":-0.24327093013098447,"rece":-0.5192296511239122,"final":-0.3260585464288628},"svSAbjb7l29v":{"frec":-0.24327093013098447,"rece":-0.5195833002145428,"final":-0.3261646411560519},"IlIWw3MmBevw":{"frec":-0.24327093013098447,"rece":-0.5201123174226682,"final":-0.3263233463184896},"RIyq0UkXj-jl":{"frec":-0.24327093013098447,"rece":-0.5204629549620364,"final":-0.32642853758030005},"hyCYQ3m4Wrko":{"frec":-0.24327093013098447,"rece":-0.5210872491200341,"final":-0.3266158258276993},"3m3b795p2Q55":{"frec":-0.24327093013098447,"rece":-0.5227415979773681,"final":-0.3271121304848995},"kSWHw_v6YrUj":{"frec":-0.24327093013098447,"rece":-0.5233666976192903,"final":-0.3272996603774762},"RhI2cyUY44Ue":{"frec":-0.24327093013098447,"rece":-0.5234580651795088,"final":-0.32732707064554173},"cZx_I0GnPk5P":{"frec":-0.3084574968715676,"rece":-0.533500242459631,"final":-0.3759703205479866},"VLx7yu52vZKh":{"frec":-0.3084574968715676,"rece":-0.5341447114240407,"final":-0.3761636612373095},"cqjq6-OW7hVc":{"frec":-0.3084574968715676,"rece":-0.5342243593313517,"final":-0.3761875556095028},"iOnrf33JRQ1a":{"frec":-0.3084574968715676,"rece":-0.5353871639378474,"final":-0.37653639699145147},"8hFzNaurgQC-":{"frec":-0.3084574968715676,"rece":-0.5356434831991447,"final":-0.3766132927698407},"Hk6EV0k4X4iO":{"frec":-0.3084574968715676,"rece":-0.5356458582350541,"final":-0.3766140052806135}}}