{"time_last_update":1774161504,"weights":{"frec":0.7,"rece":0.3},"init_weights":{"frec":0.7,"rece":0.3},"norms":{"rece":{"beta":0.001,"mean":1.973858165962498,"var":1.000145652028021},"frec":{"beta":0.001,"mean":20733.06185229906,"var":4.537336213979702}},"score_map":{"j1naSx_DzPeD":{"frec":13.585331750404412,"rece":0.9985118677217363,"final":9.80928578559961},"jEvmisf6cSXb":{"frec":7.951799753484252,"rece":1.0255222529040393,"final":5.8739165033101886},"K9cB1q6ocBk3":{"frec":-0.49849824189598835,"rece":-0.98268316492096,"final":-0.6437537188034799},"svSAbjb7l29v":{"frec":-0.49849824189598835,"rece":-0.9832487554405419,"final":-0.6439233959593544},"IlIWw3MmBevw":{"frec":-0.49849824189598835,"rece":-0.9840948119568413,"final":-0.6441772129142442},"RIyq0UkXj-jl":{"frec":-0.49849824189598835,"rece":-0.9846555861065011,"final":-0.6443454451591422},"hyCYQ3m4Wrko":{"frec":-0.49849824189598835,"rece":-0.9856540189218216,"final":-0.6446449750037383},"3m3b795p2Q55":{"frec":-0.49849824189598835,"rece":-0.9882998168457493,"final":-0.6454387143809166},"kSWHw_v6YrUj":{"frec":-0.49849824189598835,"rece":-0.9892995378704376,"final":-0.645738630688323},"RhI2cyUY44Ue":{"frec":-0.49849824189598835,"rece":-0.9894456618877925,"final":-0.6457824678935296},"cZx_I0GnPk5P":{"frec":-0.9679592416393351,"rece":-1.0055061026356276,"final":-0.9792232999382228},"VLx7yu52vZKh":{"frec":-0.9679592416393351,"rece":-1.0065368009919697,"final":-0.9795325094451255},"8hFzNaurgQC-":{"frec":-0.9679592416393351,"rece":-1.0089337846955169,"final":-0.9802516045561895},"Hk6EV0k4X4iO":{"frec":-0.9679592416393351,"rece":-1.0089375830872833,"final":-0.9802527440737194},"RusiC_iQjhwl":{"frec":-0.9679592416393351,"rece":-1.0115749743040756,"final":-0.9810439614387572},"EM-JQztjw5KL":{"frec":-2.3763422408693753,"rece":-1.0788613888369132,"final":-1.9870979852596364}}}