{"time_last_update":1774282714,"weights":{"frec":0.7,"rece":0.3},"init_weights":{"frec":0.7,"rece":0.3},"norms":{"rece":{"beta":0.001,"mean":1.7153190446323383,"var":3.233723189934023},"frec":{"beta":0.001,"mean":20738.002310719217,"var":586.7340146526789}},"score_map":{"jEvmisf6cSXb":{"frec":5.69706508823916,"rece":4.606149803261754,"final":5.369790502745938},"j1naSx_DzPeD":{"frec":0.9907151236553123,"rece":0.642659447455988,"final":0.886298420795515},"K9cB1q6ocBk3":{"frec":-0.24779802491938435,"rece":-0.42154448470396716,"final":-0.29992196285475914},"svSAbjb7l29v":{"frec":-0.24779802491938435,"rece":-0.4218482930847749,"final":-0.3000131053690015},"IlIWw3MmBevw":{"frec":-0.24779802491938435,"rece":-0.4223027544864242,"final":-0.30014944378949626},"RIyq0UkXj-jl":{"frec":-0.24779802491938435,"rece":-0.4226039757419234,"final":-0.30023981016614604},"hyCYQ3m4Wrko":{"frec":-0.24779802491938435,"rece":-0.42314028645871554,"final":-0.3004007033811837},"3m3b795p2Q55":{"frec":-0.24779802491938435,"rece":-0.42456148351804224,"final":-0.3008270624989817},"kSWHw_v6YrUj":{"frec":-0.24779802491938435,"rece":-0.4250984861997606,"final":-0.3009881633034972},"RhI2cyUY44Ue":{"frec":-0.24779802491938435,"rece":-0.4251769770859631,"final":-0.30101171056935794},"cZx_I0GnPk5P":{"frec":-0.28908179653854094,"rece":-0.4338038835310442,"final":-0.3324984226362919},"VLx7yu52vZKh":{"frec":-0.28908179653854094,"rece":-0.43435752576495756,"final":-0.3326645153064659},"cqjq6-OW7hVc":{"frec":-0.28908179653854094,"rece":-0.4344259486802031,"final":-0.33268504218103956},"iOnrf33JRQ1a":{"frec":-0.28908179653854094,"rece":-0.435424876131325,"final":-0.33298472041637617},"8hFzNaurgQC-":{"frec":-0.28908179653854094,"rece":-0.43564507163530813,"final":-0.3330507790675711},"Hk6EV0k4X4iO":{"frec":-0.28908179653854094,"rece":-0.4356471119510706,"final":-0.3330513911622998}}}