{"time_last_update":1774301445,"weights":{"frec":0.7,"rece":0.3},"init_weights":{"frec":0.7,"rece":0.3},"norms":{"rece":{"beta":0.001,"mean":1.6853949171532905,"var":3.750829491282621},"frec":{"beta":0.001,"mean":20739.610025602356,"var":854.5922363995463}},"score_map":{"jEvmisf6cSXb":{"frec":5.14445548755009,"rece":4.28931623969821,"final":4.887913713194526},"j1naSx_DzPeD":{"frec":0.7659036256732557,"rece":0.604233797224205,"final":0.7174026771385404},"K9cB1q6ocBk3":{"frec":-0.26031946695412744,"rece":-0.37860391665528653,"final":-0.29580480186447516},"svSAbjb7l29v":{"frec":-0.26031946695412744,"rece":-0.3788844966507433,"final":-0.2958889758631122},"IlIWw3MmBevw":{"frec":-0.26031946695412744,"rece":-0.379304211135482,"final":-0.2960148902085338},"RIyq0UkXj-jl":{"frec":-0.26031946695412744,"rece":-0.3795824018103895,"final":-0.29609834741100605},"hyCYQ3m4Wrko":{"frec":-0.26031946695412744,"rece":-0.3800777076280924,"final":-0.29624693915631695},"3m3b795p2Q55":{"frec":-0.26031946695412744,"rece":-0.3813902437187323,"final":-0.2966406999835089},"kSWHw_v6YrUj":{"frec":-0.26031946695412744,"rece":-0.38188618859555307,"final":-0.2967894834465551},"RhI2cyUY44Ue":{"frec":-0.26031946695412744,"rece":-0.38195867827617197,"final":-0.2968112303507408},"cZx_I0GnPk5P":{"frec":-0.2945269033750402,"rece":-0.3899259942690068,"final":-0.3231466306432302},"VLx7yu52vZKh":{"frec":-0.2945269033750402,"rece":-0.39043730648186636,"final":-0.32330002430708804},"cqjq6-OW7hVc":{"frec":-0.2945269033750402,"rece":-0.3905004979619621,"final":-0.3233189817511168},"iOnrf33JRQ1a":{"frec":-0.2945269033750402,"rece":-0.3914230500619148,"final":-0.3235957473811026},"8hFzNaurgQC-":{"frec":-0.2945269033750402,"rece":-0.3916264099999881,"final":-0.3236567553625246},"Hk6EV0k4X4iO":{"frec":-0.2945269033750402,"rece":-0.39162829431860313,"final":-0.3236573206581091}}}