{"time_last_update":1774277901,"weights":{"frec":0.7,"rece":0.3},"init_weights":{"frec":0.7,"rece":0.3},"norms":{"rece":{"beta":0.001,"mean":1.76544751664077,"var":2.310461932997633},"frec":{"beta":0.001,"mean":20735.55673935627,"var":212.32004475562675}},"score_map":{"jEvmisf6cSXb":{"frec":7.510926722528383,"rece":5.415550892880334,"final":6.882313973633968},"j1naSx_DzPeD":{"frec":1.8147612912074742,"rece":0.7299238681132483,"final":1.4893100642792063},"K9cB1q6ocBk3":{"frec":-0.24409368396875805,"rece":-0.5308167389641333,"final":-0.3301106004673706},"svSAbjb7l29v":{"frec":-0.24409368396875805,"rece":-0.5311766545318923,"final":-0.33021857513769837},"IlIWw3MmBevw":{"frec":-0.24409368396875805,"rece":-0.5317150456485702,"final":-0.3303800924727017},"RIyq0UkXj-jl":{"frec":-0.24409368396875805,"rece":-0.532071896301952,"final":-0.33048714766871623},"hyCYQ3m4Wrko":{"frec":-0.24409368396875805,"rece":-0.5327072526262782,"final":-0.3306777545660141},"3m3b795p2Q55":{"frec":-0.24409368396875805,"rece":-0.5343909156810795,"final":-0.33118285348245446},"kSWHw_v6YrUj":{"frec":-0.24409368396875805,"rece":-0.5350270917620847,"final":-0.33137370630675606},"RhI2cyUY44Ue":{"frec":-0.24409368396875805,"rece":-0.5351200783077369,"final":-0.3314016022704517},"cZx_I0GnPk5P":{"frec":-0.3127221831412991,"rece":-0.5453401977229098,"final":-0.3825075875157823},"VLx7yu52vZKh":{"frec":-0.3127221831412991,"rece":-0.5459960863406778,"final":-0.3827043541011127},"cqjq6-OW7hVc":{"frec":-0.3127221831412991,"rece":-0.5460771455672957,"final":-0.3827286718690981},"iOnrf33JRQ1a":{"frec":-0.3127221831412991,"rece":-0.5472605544639322,"final":-0.383083694538089},"8hFzNaurgQC-":{"frec":-0.3127221831412991,"rece":-0.5475214155686304,"final":-0.3831619528694985},"Hk6EV0k4X4iO":{"frec":-0.3127221831412991,"rece":-0.5475238326889353,"final":-0.38316267800559}}}