{"time_last_update":1774224224,"weights":{"frec":0.7,"rece":0.3},"init_weights":{"frec":0.7,"rece":0.3},"norms":{"rece":{"beta":0.001,"mean":1.8355929099598234,"var":1.197714806108687},"frec":{"beta":0.001,"mean":20733.85239384767,"var":47.5997952142067}},"score_map":{"jEvmisf6cSXb":{"frec":7.7033772361858945,"rece":4.6205609369807075,"final":6.778532346424338},"j1naSx_DzPeD":{"frec":4.079800468632871,"rece":0.9904144581403354,"final":3.15298466548511},"K9cB1q6ocBk3":{"frec":-0.2684916524307576,"rece":-0.7877737696076826,"final":-0.4242762875838351},"svSAbjb7l29v":{"frec":-0.2684916524307576,"rece":-0.7882814058509983,"final":-0.4244285784568298},"IlIWw3MmBevw":{"frec":-0.2684916524307576,"rece":-0.7890407696251374,"final":-0.42465638758907154},"RIyq0UkXj-jl":{"frec":-0.2684916524307576,"rece":-0.7895440830167625,"final":-0.42480738160655906},"hyCYQ3m4Wrko":{"frec":-0.2684916524307576,"rece":-0.7904402095712654,"final":-0.42507621957291},"3m3b795p2Q55":{"frec":-0.2684916524307576,"rece":-0.7928149009286592,"final":-0.4257886269801281},"kSWHw_v6YrUj":{"frec":-0.2684916524307576,"rece":-0.7937121836937798,"final":-0.4260578118096643},"RhI2cyUY44Ue":{"frec":-0.2684916524307576,"rece":-0.7938433348440557,"final":-0.42609715715474705},"cZx_I0GnPk5P":{"frec":-0.41343472313287855,"rece":-0.8082581128945289,"final":-0.5318817400613736},"VLx7yu52vZKh":{"frec":-0.41343472313287855,"rece":-0.8091831988418536,"final":-0.532159265845571},"cqjq6-OW7hVc":{"frec":-0.41343472313287855,"rece":-0.8092975273260108,"final":-0.5321935643908182},"iOnrf33JRQ1a":{"frec":-0.41343472313287855,"rece":-0.8109666444757229,"final":-0.5326942995357318},"8hFzNaurgQC-":{"frec":-0.41343472313287855,"rece":-0.8113345711870922,"final":-0.5328046775491426},"Hk6EV0k4X4iO":{"frec":-0.41343472313287855,"rece":-0.811337980369637,"final":-0.5328057003039061}}}