{"time_last_update":1774275434,"weights":{"frec":0.7,"rece":0.3},"init_weights":{"frec":0.7,"rece":0.3},"norms":{"rece":{"beta":0.001,"mean":1.818397376377574,"var":1.3590900426920602},"frec":{"beta":0.001,"mean":20734.08383394327,"var":63.870927590688616}},"score_map":{"jEvmisf6cSXb":{"frec":8.623220613338527,"rece":6.817698439746217,"final":8.081563961260834},"j1naSx_DzPeD":{"frec":3.4930448450602065,"rece":0.9080305004493602,"final":2.7175405416769527},"K9cB1q6ocBk3":{"frec":-0.26074230246051494,"rece":-0.7369395985545556,"final":-0.40360149128872713},"svSAbjb7l29v":{"frec":-0.26074230246051494,"rece":-0.7374092037562966,"final":-0.4037423728492494},"IlIWw3MmBevw":{"frec":-0.26074230246051494,"rece":-0.7381116775907498,"final":-0.4039531149995854},"RIyq0UkXj-jl":{"frec":-0.26074230246051494,"rece":-0.738577283799773,"final":-0.4040927968622924},"hyCYQ3m4Wrko":{"frec":-0.26074230246051494,"rece":-0.7394062744342165,"final":-0.40434149405262537},"3m3b795p2Q55":{"frec":-0.26074230246051494,"rece":-0.7416030589007423,"final":-0.40500052939258313},"kSWHw_v6YrUj":{"frec":-0.26074230246051494,"rece":-0.7424331191249314,"final":-0.4052495474598399},"RhI2cyUY44Ue":{"frec":-0.26074230246051494,"rece":-0.7425544447063783,"final":-0.40528594513427396},"cZx_I0GnPk5P":{"frec":-0.38586854071120563,"rece":-0.7558892978489146,"final":-0.4968747678525183},"VLx7yu52vZKh":{"frec":-0.38586854071120563,"rece":-0.7567450782992693,"final":-0.4971315019876247},"cqjq6-OW7hVc":{"frec":-0.38586854071120563,"rece":-0.7568508415334243,"final":-0.4971632309578712},"iOnrf33JRQ1a":{"frec":-0.38586854071120563,"rece":-0.7583949119305656,"final":-0.4976264520770136},"8hFzNaurgQC-":{"frec":-0.38586854071120563,"rece":-0.7587352743451757,"final":-0.4977285608013966},"Hk6EV0k4X4iO":{"frec":-0.38586854071120563,"rece":-0.7587384281189218,"final":-0.4977295069335204}}}