{"time_last_update":1774298593,"weights":{"frec":0.7,"rece":0.3},"init_weights":{"frec":0.7,"rece":0.3},"norms":{"rece":{"beta":0.001,"mean":1.6978118652333913,"var":3.5373224103106558},"frec":{"beta":0.001,"mean":20738.904047342377,"var":731.8775462114804}},"score_map":{"jEvmisf6cSXb":{"frec":5.474241820131661,"rece":4.412797399290622,"final":5.155808493879349},"j1naSx_DzPeD":{"frec":0.8537223850163794,"rece":0.6168412015103868,"final":0.7826580299645816},"K9cB1q6ocBk3":{"frec":-0.25520227941128826,"rece":-0.39605062113068273,"final":-0.29745678192710656},"svSAbjb7l29v":{"frec":-0.25520227941128826,"rece":-0.39633978095735745,"final":-0.297543529875109},"IlIWw3MmBevw":{"frec":-0.25520227941128826,"rece":-0.39677232985473126,"final":-0.2976732945443211},"RIyq0UkXj-jl":{"frec":-0.25520227941128826,"rece":-0.39705902729803194,"final":-0.29775930377731136},"hyCYQ3m4Wrko":{"frec":-0.25520227941128826,"rece":-0.39756947902914985,"final":-0.29791243929664674},"3m3b795p2Q55":{"frec":-0.25520227941128826,"rece":-0.39892215104646883,"final":-0.29831824090184245},"kSWHw_v6YrUj":{"frec":-0.25520227941128826,"rece":-0.3994332613784377,"final":-0.2984715740014331},"RhI2cyUY44Ue":{"frec":-0.25520227941128826,"rece":-0.39950796771468006,"final":-0.2984939859023058},"cZx_I0GnPk5P":{"frec":-0.2921664348922105,"rece":-0.40771891556860956,"final":-0.3268321790951302},"VLx7yu52vZKh":{"frec":-0.2921664348922105,"rece":-0.4082458631530461,"final":-0.32699026337046116},"cqjq6-OW7hVc":{"frec":-0.2921664348922105,"rece":-0.40831098695990226,"final":-0.327009800512518},"iOnrf33JRQ1a":{"frec":-0.2921664348922105,"rece":-0.4092617497000844,"final":-0.32729502933457266},"8hFzNaurgQC-":{"frec":-0.2921664348922105,"rece":-0.4094713281639736,"final":-0.3273579028737394},"Hk6EV0k4X4iO":{"frec":-0.2921664348922105,"rece":-0.4094732701030032,"final":-0.3273584854554483}}}