{"time_last_update":1774163015,"weights":{"frec":0.7,"rece":0.3},"init_weights":{"frec":0.7,"rece":0.3},"norms":{"rece":{"beta":0.001,"mean":1.9116175581131596,"var":1.0822388479378235},"frec":{"beta":0.001,"mean":20733.39100205925,"var":22.50936687299793}},"score_map":{"jEvmisf6cSXb":{"frec":9.823994851458625,"rece":3.926741949180032,"final":8.054818980775046},"j1naSx_DzPeD":{"frec":6.030051296803354,"rece":1.0184866502009806,"final":4.526581902822642},"K9cB1q6ocBk3":{"frec":-0.29318796095543104,"rece":-0.88526072605873,"final":-0.4708097904864207},"svSAbjb7l29v":{"frec":-0.29318796095543104,"rece":-0.8858042068619577,"final":-0.470972834727389},"IlIWw3MmBevw":{"frec":-0.29318796095543104,"rece":-0.8866171898578439,"final":-0.47121672962615485},"RIyq0UkXj-jl":{"frec":-0.29318796095543104,"rece":-0.8871560425697168,"final":-0.4713783854397167},"hyCYQ3m4Wrko":{"frec":-0.29318796095543104,"rece":-0.8881154452641618,"final":-0.4716662062480502},"3m3b795p2Q55":{"frec":-0.29318796095543104,"rece":-0.8906578152846801,"final":-0.4724289172542057},"kSWHw_v6YrUj":{"frec":-0.29318796095543104,"rece":-0.8916184558306051,"final":-0.47271710941798323},"RhI2cyUY44Ue":{"frec":-0.29318796095543104,"rece":-0.891758867657843,"final":-0.4727592329661546},"cZx_I0GnPk5P":{"frec":-0.5039626028807238,"rece":-0.9071914835444685,"final":-0.6249312670798473},"VLx7yu52vZKh":{"frec":-0.5039626028807238,"rece":-0.9081818904752716,"final":-0.6252283891590882},"cqjq6-OW7hVc":{"frec":-0.5039626028807238,"rece":-0.9083042917758479,"final":-0.625265109549261},"iOnrf33JRQ1a":{"frec":-0.5039626028807238,"rece":-0.9100912664868765,"final":-0.6258012019625696},"8hFzNaurgQC-":{"frec":-0.5039626028807238,"rece":-0.9104851727677162,"final":-0.6259193738468215},"Hk6EV0k4X4iO":{"frec":-0.5039626028807238,"rece":-0.9104888226750903,"final":-0.6259204688190337}}}