{"time_last_update":1774163316,"weights":{"frec":0.7,"rece":0.3},"init_weights":{"frec":0.7,"rece":0.3},"norms":{"rece":{"beta":0.001,"mean":1.903700565577841,"var":1.0946844513820253},"frec":{"beta":0.001,"mean":20733.439794887458,"var":25.149200655466373}},"score_map":{"jEvmisf6cSXb":{"frec":9.284377530956727,"rece":3.9114290793775037,"final":7.67249299548296},"j1naSx_DzPeD":{"frec":5.695072132639176,"rece":1.0200024914928119,"final":4.292551240295266},"K9cB1q6ocBk3":{"frec":-0.2871035312234083,"rece":-0.8727287904773201,"final":-0.46279110899958187},"svSAbjb7l29v":{"frec":-0.2871035312234083,"rece":-0.8732691264117235,"final":-0.46295320977990284},"IlIWw3MmBevw":{"frec":-0.2871035312234083,"rece":-0.87407740505584,"final":-0.4631956933731378},"RIyq0UkXj-jl":{"frec":-0.2871035312234083,"rece":-0.8746131396794854,"final":-0.4633564137602314},"hyCYQ3m4Wrko":{"frec":-0.2871035312234083,"rece":-0.8755669907599528,"final":-0.4636425690843716},"3m3b795p2Q55":{"frec":-0.2871035312234083,"rece":-0.8780946492760907,"final":-0.464400866639213},"kSWHw_v6YrUj":{"frec":-0.2871035312234083,"rece":-0.8790497310451716,"final":-0.4646873911699373},"RhI2cyUY44Ue":{"frec":-0.2871035312234083,"rece":-0.8791893303749386,"final":-0.4647292709688674},"cZx_I0GnPk5P":{"frec":-0.4865093866854945,"rece":-0.8945326449425647,"final":-0.6089163641626155},"VLx7yu52vZKh":{"frec":-0.4865093866854945,"rece":-0.8955173208523979,"final":-0.6092117669355654},"cqjq6-OW7hVc":{"frec":-0.4865093866854945,"rece":-0.8956390138739844,"final":-0.6092482748420414},"iOnrf33JRQ1a":{"frec":-0.4865093866854945,"rece":-0.897415648199437,"final":-0.6097812651396772},"8hFzNaurgQC-":{"frec":-0.4865093866854945,"rece":-0.897807275129148,"final":-0.6098987532185906},"Hk6EV0k4X4iO":{"frec":-0.4865093866854945,"rece":-0.8978109039162179,"final":-0.6098998418547115}}}