{"time_last_update":1774307997,"weights":{"frec":0.7,"rece":0.3},"init_weights":{"frec":0.7,"rece":0.3},"norms":{"rece":{"beta":0.001,"mean":1.6721862931684184,"var":3.9731182749946927},"frec":{"beta":0.001,"mean":20740.37280625195,"var":989.5513505274882}},"score_map":{"ywst8gQylnse":{"frec":4.915488747264845,"rece":4.173773957324404,"final":4.692974310282713},"j1naSx_DzPeD":{"frec":0.6875131400022042,"rece":0.5910272814488708,"final":0.6585673824362042},"K9cB1q6ocBk3":{"frec":-0.26616556840290273,"rece":-0.3621296802509602,"final":-0.29495480195731993},"svSAbjb7l29v":{"frec":-0.26616556840290273,"rece":-0.36240178700084025,"final":-0.29503643398228396},"IlIWw3MmBevw":{"frec":-0.26616556840290273,"rece":-0.36280882651245594,"final":-0.29515854583576867},"RIyq0UkXj-jl":{"frec":-0.26616556840290273,"rece":-0.3630786160969657,"final":-0.2952394827111216},"hyCYQ3m4Wrko":{"frec":-0.26616556840290273,"rece":-0.363558964156108,"final":-0.2953835871288643},"3m3b795p2Q55":{"frec":-0.26616556840290273,"rece":-0.3648318629211926,"final":-0.29576545675838967},"kSWHw_v6YrUj":{"frec":-0.26616556840290273,"rece":-0.36531283074048304,"final":-0.29590974710417683},"RhI2cyUY44Ue":{"frec":-0.26616556840290273,"rece":-0.36538313130257744,"final":-0.2959308372728051},"cZx_I0GnPk5P":{"frec":-0.297954858683073,"rece":-0.3731098420274409,"final":-0.32050135368638333},"VLx7yu52vZKh":{"frec":-0.297954858683073,"rece":-0.37360571310402535,"final":-0.3206501150093587},"cqjq6-OW7hVc":{"frec":-0.297954858683073,"rece":-0.3736669962622954,"final":-0.3206684999568397},"iOnrf33JRQ1a":{"frec":-0.297954858683073,"rece":-0.3745616881775351,"final":-0.32093690753141163},"8hFzNaurgQC-":{"frec":-0.297954858683073,"rece":-0.37475890684137764,"final":-0.3209960731305644},"Hk6EV0k4X4iO":{"frec":-0.297954858683073,"rece":-0.3747607342553857,"final":-0.3209966213547668}}}