{"time_last_update":1774237153,"weights":{"frec":0.7,"rece":0.3},"init_weights":{"frec":0.7,"rece":0.3},"norms":{"rece":{"beta":0.001,"mean":1.8303763507017767,"var":1.2263651034584233},"frec":{"beta":0.001,"mean":20733.90666587584,"var":51.148725594265954}},"score_map":{"jEvmisf6cSXb":{"frec":8.262682889042026,"rece":5.447632256510099,"final":7.4181676992824475},"j1naSx_DzPeD":{"frec":3.928130213064771,"rece":0.9737393709907523,"final":3.041812960442565},"K9cB1q6ocBk3":{"frec":-0.26659818304224925,"rece":-0.7770572146270033,"final":-0.41973589251767546},"svSAbjb7l29v":{"frec":-0.26659818304224925,"rece":-0.7775570311186795,"final":-0.41988583746517827},"IlIWw3MmBevw":{"frec":-0.26659818304224925,"rece":-0.7783046974693268,"final":-0.4201101373703725},"RIyq0UkXj-jl":{"frec":-0.26659818304224925,"rece":-0.7788002576995668,"final":-0.4202588054394445},"hyCYQ3m4Wrko":{"frec":-0.26659818304224925,"rece":-0.779682580103586,"final":-0.42052350216065026},"3m3b795p2Q55":{"frec":-0.26659818304224925,"rece":-0.7820206911401698,"final":-0.42122493547162543},"kSWHw_v6YrUj":{"frec":-0.26659818304224925,"rece":-0.7829041519442583,"final":-0.42148997371285196},"RhI2cyUY44Ue":{"frec":-0.26659818304224925,"rece":-0.7830332828104509,"final":-0.4215287129727098},"cZx_I0GnPk5P":{"frec":-0.40642246291248324,"rece":-0.7972260121286335,"final":-0.5236635276773283},"VLx7yu52vZKh":{"frec":-0.40642246291248324,"rece":-0.7981368478279736,"final":-0.5239367783871303},"cqjq6-OW7hVc":{"frec":-0.40642246291248324,"rece":-0.7982494151684708,"final":-0.5239705485892795},"iOnrf33JRQ1a":{"frec":-0.40642246291248324,"rece":-0.7998928208333553,"final":-0.5244635702887448},"8hFzNaurgQC-":{"frec":-0.40642246291248324,"rece":-0.8002550799125523,"final":-0.5245722480125039},"Hk6EV0k4X4iO":{"frec":-0.40642246291248324,"rece":-0.8002584365792235,"final":-0.5245732550125053}}}