{"time_last_update":1774278013,"weights":{"frec":0.7,"rece":0.3},"init_weights":{"frec":0.7,"rece":0.3},"norms":{"rece":{"beta":0.001,"mean":2.678230510894237,"var":4.364589000829669},"frec":{"beta":0.001,"mean":22117.245113692596,"var":26106224.3256685}},"score_map":{"QwZVrW7qcsF9":{"frec":-0.24293244385110654,"rece":3.4978727053366603,"final":0.8793091009052234},"j1naSx_DzPeD":{"frec":-0.2593726497849579,"rece":1.48608092228849,"final":0.2642634218370765},"e5WuC7NGeIxM":{"frec":-0.2652441519041905,"rece":-0.35825060617644433,"final":-0.2931460881858666},"3m3b795p2Q55":{"frec":-0.2652441519041905,"rece":-0.3643167599789337,"final":-0.29496593432661344},"IlIWw3MmBevw":{"frec":-0.2652441519041905,"rece":-0.3624308507691769,"final":-0.29440016156368637},"kSWHw_v6YrUj":{"frec":-0.2652441519041905,"rece":-0.36598456663120177,"final":-0.29546627632229383},"K9cB1q6ocBk3":{"frec":-0.2652441519041905,"rece":-0.36430971496089753,"final":-0.2949638208212026},"RIyq0UkXj-jl":{"frec":-0.2652441519041905,"rece":-0.3661360986602403,"final":-0.2955117359310054},"hyCYQ3m4Wrko":{"frec":-0.2652441519041905,"rece":-0.3670606078026881,"final":-0.29578908867373976},"RhI2cyUY44Ue":{"frec":-0.2652441519041905,"rece":-0.3705715186352937,"final":-0.2968423619235214},"NL6reYeerjfJ":{"frec":-0.2654398686414982,"rece":-0.3782824965589292,"final":-0.29929265701672747},"j8fQjDLcF7oJ":{"frec":-0.2654398686414982,"rece":-0.3873531401688015,"final":-0.3020138500996892},"cZx_I0GnPk5P":{"frec":-0.2654398686414982,"rece":-0.3854428490596119,"final":-0.3014407627669323},"VLx7yu52vZKh":{"frec":-0.2654398686414982,"rece":-0.3863972348118856,"final":-0.3017270784926144},"cqjq6-OW7hVc":{"frec":-0.2654398686414982,"rece":-0.38651518436746385,"final":-0.3017624633592879},"iOnrf33JRQ1a":{"frec":-0.2654398686414982,"rece":-0.3882371666666952,"final":-0.3022790580490573}}}