{"time_last_update":1774320336,"weights":{"frec":0.7,"rece":0.3},"init_weights":{"frec":0.7,"rece":0.3},"norms":{"rece":{"beta":0.001,"mean":2.0933374625468932,"var":1.6614108003801502},"frec":{"beta":0.001,"mean":20735.04152101902,"var":85.65983680482884}},"score_map":{"DOyQtgH2I1tc":{"frec":11.556507274741893,"rece":6.122772922841572,"final":9.926386969171796}}}