{"time_last_update":1774320230,"weights":{"frec":0.7,"rece":0.3},"init_weights":{"frec":0.7,"rece":0.3},"norms":{"rece":{"beta":0.001,"mean":2.0775326336955393,"var":1.539654737989819},"frec":{"beta":0.001,"mean":20734.829284759253,"var":63.27347118427683}},"score_map":{"DOyQtgH2I1tc":{"frec":12.593021489955655,"rece":6.366285318448435,"final":10.72500063850349}}}