{"time_last_update":1774275440,"weights":{"frec":0.7,"rece":0.3},"init_weights":{"frec":0.7,"rece":0.3},"norms":{"rece":{"beta":0.001,"mean":2.7026263835216904,"var":4.306419249897338},"frec":{"beta":0.001,"mean":22812.681412611884,"var":38170953.53846701}},"score_map":{"1eCdmsuhG1YQ":{"frec":3.018536721473447,"rece":-0.41788434839166355,"final":1.9876104005139137},"xQwVWIWQFNfR":{"frec":3.017565574981205,"rece":-0.46363831205375705,"final":1.9732044088707164},"QwZVrW7qcsF9":{"frec":-0.3137906089053827,"rece":3.488327734585144,"final":0.8268448941417753},"j1naSx_DzPeD":{"frec":-0.3270629442993531,"rece":1.4863831619768,"final":0.2169708875834928},"e5WuC7NGeIxM":{"frec":-0.33191867676056186,"rece":-0.37173221669042994,"final":-0.3438627387395223},"3m3b795p2Q55":{"frec":-0.33191867676056186,"rece":-0.37784370667788775,"final":-0.3456961857357596},"IlIWw3MmBevw":{"frec":-0.33191867676056186,"rece":-0.37594370288175033,"final":-0.3451261845969184},"kSWHw_v6YrUj":{"frec":-0.33191867676056186,"rece":-0.3795239778988661,"final":-0.3462002671020531},"K9cB1q6ocBk3":{"frec":-0.33191867676056186,"rece":-0.3778366090079982,"final":-0.3456940564347928},"RIyq0UkXj-jl":{"frec":-0.33191867676056186,"rece":-0.3796766424221211,"final":-0.3462460664590296},"hyCYQ3m4Wrko":{"frec":-0.33191867676056186,"rece":-0.3806080610032102,"final":-0.34652549203335636},"RhI2cyUY44Ue":{"frec":-0.33191867676056186,"rece":-0.3841452110819835,"final":-0.34758663705698833},"NL6reYeerjfJ":{"frec":-0.3320805345092688,"rece":-0.39191381799637925,"final":-0.3500305195554019},"j8fQjDLcF7oJ":{"frec":-0.3320805345092688,"rece":-0.40105225223436114,"final":-0.35277204982679644},"cZx_I0GnPk5P":{"frec":-0.3320805345092688,"rece":-0.3991276843175122,"final":-0.35219467945174177},"VLx7yu52vZKh":{"frec":-0.3320805345092688,"rece":-0.40008920279513466,"final":-0.3524831349950285}}}