{"time_last_update":1774385640,"weights":{"frec":0.7,"rece":0.3},"init_weights":{"frec":0.7,"rece":0.3},"norms":{"rece":{"beta":0.001,"mean":2.19493747744547,"var":2.4292516329198355},"frec":{"beta":0.001,"mean":20736.653016648015,"var":287.2746998919716}},"score_map":{"sXspFIGPiqyj":{"frec":9.814456165843486,"rece":4.991505817033109,"final":8.367571061200373}}}