{"time_last_update":1774197547,"weights":{"frec":0.7,"rece":0.3},"init_weights":{"frec":0.7,"rece":0.3},"norms":{"rece":{"beta":0.001,"mean":3.386802637884738,"var":2.472610556550587},"frec":{"beta":0.001,"mean":20756.8889934874,"var":194.77274821811187}},"score_map":{"jEvmisf6cSXb":{"frec":4.307149079673152,"rece":3.5288969757936917,"final":4.0736734485093145},"j1naSx_DzPeD":{"frec":0.3662202360950212,"rece":-0.28293240667572556,"final":0.17147444326379718},"K9cB1q6ocBk3":{"frec":-1.783377314947596,"rece":-1.5300174590304298,"final":-1.707369358172446},"svSAbjb7l29v":{"frec":-1.783377314947596,"rece":-1.5303734762175831,"final":-1.707476163328592},"IlIWw3MmBevw":{"frec":-1.783377314947596,"rece":-1.5309060358179962,"final":-1.707635931208716},"RIyq0UkXj-jl":{"frec":-1.783377314947596,"rece":-1.5312590212880104,"final":-1.7077418268497202},"hyCYQ3m4Wrko":{"frec":-1.783377314947596,"rece":-1.531887495829513,"final":-1.707930369212171},"3m3b795p2Q55":{"frec":-1.783377314947596,"rece":-1.5335529224978204,"final":-1.7084299972126633},"kSWHw_v6YrUj":{"frec":-1.783377314947596,"rece":-1.5341822079169094,"final":-1.7086187828383899},"RhI2cyUY44Ue":{"frec":-1.783377314947596,"rece":-1.5342741872903838,"final":-1.7086463766504323},"cZx_I0GnPk5P":{"frec":-1.8550305666490166,"rece":-1.5443836087561427,"final":-1.7618364792811543},"VLx7yu52vZKh":{"frec":-1.8550305666490166,"rece":-1.54503239319811,"final":-1.7620311146137444},"cqjq6-OW7hVc":{"frec":-1.8550305666490166,"rece":-1.5451125744418197,"final":-1.7620551689868573},"iOnrf33JRQ1a":{"frec":-1.8550305666490166,"rece":-1.546283165392515,"final":-1.762406346272066},"8hFzNaurgQC-":{"frec":-1.8550305666490166,"rece":-1.5465412010126764,"final":-1.7624837569581144},"Hk6EV0k4X4iO":{"frec":-1.8550305666490166,"rece":-1.546543591952244,"final":-1.7624844742399846}}}