{"time_last_update":1774268678,"weights":{"frec":0.7,"rece":0.3},"init_weights":{"frec":0.7,"rece":0.3},"norms":{"rece":{"beta":0.001,"mean":2.716472677800208,"var":4.283842519294986},"frec":{"beta":0.001,"mean":22711.247746203695,"var":36488949.91826141}},"score_map":{"1eCdmsuhG1YQ":{"frec":3.104116504926984,"rece":-0.4239543079447591,"final":2.045695261065461},"xQwVWIWQFNfR":{"frec":3.103123227495899,"rece":-0.46991763645555373,"final":2.031210968310463},"QwZVrW7qcsF9":{"frec":-0.30563936974927686,"rece":3.4645845759537033,"final":0.8254278139616172},"j1naSx_DzPeD":{"frec":-0.3177242451608109,"rece":1.4890269104237244,"final":0.2243011015145497},"e5WuC7NGeIxM":{"frec":-0.32269063231623585,"rece":-0.377590989423904,"final":-0.3391607394485363},"3m3b795p2Q55":{"frec":-0.32269063231623585,"rece":-0.3837304448830751,"final":-0.3410025760862876},"IlIWw3MmBevw":{"frec":-0.32269063231623585,"rece":-0.3818217468892012,"final":-0.3404299666881254},"kSWHw_v6YrUj":{"frec":-0.32269063231623585,"rece":-0.3854184048309265,"final":-0.341508964070643},"K9cB1q6ocBk3":{"frec":-0.32269063231623585,"rece":-0.3837233147350686,"final":-0.34100043704188565},"RIyq0UkXj-jl":{"frec":-0.32269063231623585,"rece":-0.38557176792939235,"final":-0.3415549730001828},"hyCYQ3m4Wrko":{"frec":-0.32269063231623585,"rece":-0.3865074485742395,"final":-0.34183567719363694},"RhI2cyUY44Ue":{"frec":-0.32269063231623585,"rece":-0.39006078424288965,"final":-0.342901677894232},"NL6reYeerjfJ":{"frec":-0.32285617855475,"rece":-0.3978649394044987,"final":-0.3453588068096746},"j8fQjDLcF7oJ":{"frec":-0.32285617855475,"rece":-0.4070451900611789,"final":-0.34811288200667867},"cZx_I0GnPk5P":{"frec":-0.32285617855475,"rece":-0.4051118155440166,"final":-0.34753286965152996},"VLx7yu52vZKh":{"frec":-0.32285617855475,"rece":-0.40607773381904405,"final":-0.3478226451340382}}}