{"time_last_update":1774277334,"weights":{"frec":0.7,"rece":0.3},"init_weights":{"frec":0.7,"rece":0.3},"norms":{"rece":{"beta":0.001,"mean":2.6833671552429674,"var":4.352849852799588},"frec":{"beta":0.001,"mean":22301.23736179221,"var":29390984.868454475}},"score_map":{"QwZVrW7qcsF9":{"frec":-0.262893669885156,"rece":3.5010551012447957,"final":0.8662909614538296},"j1naSx_DzPeD":{"frec":-0.27838797901734436,"rece":1.4861605434021787,"final":0.25097657770851256},"e5WuC7NGeIxM":{"frec":-0.2839216608502688,"rece":-0.36101548687817486,"final":-0.3070498086586406},"3m3b795p2Q55":{"frec":-0.2839216608502688,"rece":-0.36709099647447757,"final":-0.30887246153753145},"IlIWw3MmBevw":{"frec":-0.2839216608502688,"rece":-0.3652021786378889,"final":-0.30830581618655484},"kSWHw_v6YrUj":{"frec":-0.2839216608502688,"rece":-0.3687613753752687,"final":-0.30937357520776876},"K9cB1q6ocBk3":{"frec":-0.2839216608502688,"rece":-0.36708394059095106,"final":-0.30887034477247344},"RIyq0UkXj-jl":{"frec":-0.2839216608502688,"rece":-0.36891314111127654,"final":-0.3094191049285711},"hyCYQ3m4Wrko":{"frec":-0.2839216608502688,"rece":-0.3698390761188106,"final":-0.30969688543083135},"RhI2cyUY44Ue":{"frec":-0.2839216608502688,"rece":-0.3733554018088228,"final":-0.310751783137835},"NL6reYeerjfJ":{"frec":-0.2841061169113663,"rece":-0.3810782723289704,"final":-0.3131977635366475},"j8fQjDLcF7oJ":{"frec":-0.2841061169113663,"rece":-0.3901629055398537,"final":-0.3159231534999125},"cZx_I0GnPk5P":{"frec":-0.2841061169113663,"rece":-0.38824966819977,"final":-0.3153491822978874},"VLx7yu52vZKh":{"frec":-0.2841061169113663,"rece":-0.389205525895652,"final":-0.315635939606652},"cqjq6-OW7hVc":{"frec":-0.2841061169113663,"rece":-0.3893236573641454,"final":-0.3156713790472},"iOnrf33JRQ1a":{"frec":-0.2841061169113663,"rece":-0.39104829546668596,"final":-0.3161887704779622}}}