{"time_last_update":1774279348,"weights":{"frec":0.7,"rece":0.3},"init_weights":{"frec":0.7,"rece":0.3},"norms":{"rece":{"beta":0.001,"mean":2.6736071063335234,"var":4.374692499260789},"frec":{"beta":0.001,"mean":21955.3769748508,"var":23160241.405883912}},"score_map":{"QwZVrW7qcsF9":{"frec":-0.22387012866326775,"rece":3.4956583117352804,"final":0.8919884034562968},"j1naSx_DzPeD":{"frec":-0.24174022568080172,"rece":1.4855169736064553,"final":0.2764369341053754},"e5WuC7NGeIxM":{"frec":-0.2479739804543601,"rece":-0.35597903370841744,"final":-0.28037549643057724},"3m3b795p2Q55":{"frec":-0.2479739804543601,"rece":-0.3620358612552195,"final":-0.2821925446946179},"IlIWw3MmBevw":{"frec":-0.2479739804543601,"rece":-0.3601528514891738,"final":-0.2816276417648042},"kSWHw_v6YrUj":{"frec":-0.2479739804543601,"rece":-0.36370110378007126,"final":-0.2826921174520734},"K9cB1q6ocBk3":{"frec":-0.2479739804543601,"rece":-0.3620288270683692,"final":-0.2821904344385628},"RIyq0UkXj-jl":{"frec":-0.2479739804543601,"rece":-0.3638524028400007,"final":-0.28273750717005225},"hyCYQ3m4Wrko":{"frec":-0.2479739804543601,"rece":-0.3647754906191056,"final":-0.28301443350378375},"RhI2cyUY44Ue":{"frec":-0.2479739804543601,"rece":-0.36828100369010036,"final":-0.28406608742508216},"NL6reYeerjfJ":{"frec":-0.24818177228014537,"rece":-0.37598012656454727,"final":-0.28652127856546594},"j8fQjDLcF7oJ":{"frec":-0.24818177228014537,"rece":-0.38503682474139755,"final":-0.28923828801852103},"cZx_I0GnPk5P":{"frec":-0.24818177228014537,"rece":-0.3831294705612576,"final":-0.28866608176447905},"VLx7yu52vZKh":{"frec":-0.24818177228014537,"rece":-0.3840823890171454,"final":-0.28895195730124534},"cqjq6-OW7hVc":{"frec":-0.24818177228014537,"rece":-0.3842001572341442,"final":-0.288987287766345},"iOnrf33JRQ1a":{"frec":-0.24818177228014537,"rece":-0.3859194921149726,"final":-0.28950308823059356}}}