{"time_last_update":1774268985,"weights":{"frec":0.7,"rece":0.3},"init_weights":{"frec":0.7,"rece":0.3},"norms":{"rece":{"beta":0.001,"mean":2.713775033153686,"var":4.287164227126542},"frec":{"beta":0.001,"mean":22731.029414015724,"var":36818869.84306573}},"score_map":{"1eCdmsuhG1YQ":{"frec":3.0869177289627037,"rece":-0.4225652891490264,"final":2.0340728235291845},"xQwVWIWQFNfR":{"frec":3.0859289117367754,"rece":-0.46850676678468606,"final":2.0195982081803368},"QwZVrW7qcsF9":{"frec":-0.3075270047779177,"rece":3.4641249910829277,"final":0.823968593980336},"j1naSx_DzPeD":{"frec":-0.31955761436004454,"rece":1.4895065017455846,"final":0.22316162047164423},"e5WuC7NGeIxM":{"frec":-0.3245017004896857,"rece":-0.37622401165776326,"final":-0.34001839384010896},"3m3b795p2Q55":{"frec":-0.3245017004896857,"rece":-0.3823605484319962,"final":-0.34185935487237884},"IlIWw3MmBevw":{"frec":-0.3245017004896857,"rece":-0.3804527578293598,"final":-0.34128701769158787},"kSWHw_v6YrUj":{"frec":-0.3245017004896857,"rece":-0.38404770592703896,"final":-0.3423655021208917},"K9cB1q6ocBk3":{"frec":-0.3245017004896857,"rece":-0.3823534216736479,"final":-0.34185721684487436},"RIyq0UkXj-jl":{"frec":-0.3245017004896857,"rece":-0.3842009961169923,"final":-0.34241148917787767},"hyCYQ3m4Wrko":{"frec":-0.3245017004896857,"rece":-0.38513623194111823,"final":-0.3426920599251154},"RhI2cyUY44Ue":{"frec":-0.3245017004896857,"rece":-0.38868787836104507,"final":-0.3437575538510935},"NL6reYeerjfJ":{"frec":-0.3246665033606737,"rece":-0.39648832344278184,"final":-0.34621304938530617},"j8fQjDLcF7oJ":{"frec":-0.3246665033606737,"rece":-0.4056642098265229,"final":-0.3489658153004285},"cZx_I0GnPk5P":{"frec":-0.3246665033606737,"rece":-0.4037317544317683,"final":-0.34838607868200205},"VLx7yu52vZKh":{"frec":-0.3246665033606737,"rece":-0.40469721351116517,"final":-0.3486757164058211}}}