{"time_last_update":1774201647,"weights":{"frec":0.7,"rece":0.3},"init_weights":{"frec":0.7,"rece":0.3},"norms":{"rece":{"beta":0.001,"mean":3.081668126362972,"var":3.3004425899901535},"frec":{"beta":0.001,"mean":20753.747842818077,"var":292.0168061423047}},"score_map":{"jEvmisf6cSXb":{"frec":3.877002671009904,"rece":3.766904223371175,"final":3.8439731367182848},"j1naSx_DzPeD":{"frec":0.4829070749810979,"rece":-0.07883333015024212,"final":0.31438495344169587},"K9cB1q6ocBk3":{"frec":-1.272659612620009,"rece":-1.1569795636011209,"final":-1.2379555979143424},"svSAbjb7l29v":{"frec":-1.272659612620009,"rece":-1.1572873522227942,"final":-1.2380479345008444},"IlIWw3MmBevw":{"frec":-1.272659612620009,"rece":-1.1577477675939747,"final":-1.2381860591121985},"RIyq0UkXj-jl":{"frec":-1.272659612620009,"rece":-1.158052935196008,"final":-1.2382776093928085},"hyCYQ3m4Wrko":{"frec":-1.272659612620009,"rece":-1.1585962722029435,"final":-1.238440610494889},"3m3b795p2Q55":{"frec":-1.272659612620009,"rece":-1.1600360885860634,"final":-1.2388725554098252},"kSWHw_v6YrUj":{"frec":-1.272659612620009,"rece":-1.1605801266234652,"final":-1.2390357668210457},"RhI2cyUY44Ue":{"frec":-1.272659612620009,"rece":-1.1606596458309801,"final":-1.2390596225833002},"cZx_I0GnPk5P":{"frec":-1.3311785022067124,"rece":-1.1693995747196277,"final":-1.2826448239605868},"VLx7yu52vZKh":{"frec":-1.3311785022067124,"rece":-1.169960470306587,"final":-1.2828130926366748},"cqjq6-OW7hVc":{"frec":-1.3311785022067124,"rece":-1.1700297896410907,"final":-1.2828338884370258},"iOnrf33JRQ1a":{"frec":-1.3311785022067124,"rece":-1.1710418041961694,"final":-1.2831374928035495},"8hFzNaurgQC-":{"frec":-1.3311785022067124,"rece":-1.1712648845157094,"final":-1.2832044168994114},"Hk6EV0k4X4iO":{"frec":-1.3311785022067124,"rece":-1.1712669515619663,"final":-1.2832050370132884}}}