{"time_last_update":1774274118,"weights":{"frec":0.7,"rece":0.3},"init_weights":{"frec":0.7,"rece":0.3},"norms":{"rece":{"beta":0.001,"mean":2.7073720300111423,"var":4.297653727775964},"frec":{"beta":0.001,"mean":22777.83687172439,"var":37595644.591940396}},"score_map":{"1eCdmsuhG1YQ":{"frec":3.0472275259211488,"rece":-0.4202641049405003,"final":2.006980036662654},"xQwVWIWQFNfR":{"frec":3.046248977134671,"rece":-0.4660820534945749,"final":1.992549667945897},"QwZVrW7qcsF9":{"frec":-0.31049954341292435,"rece":3.4914106426489497,"final":0.8300735124056379},"j1naSx_DzPeD":{"frec":-0.3238730434947873,"rece":1.486666439211313,"final":0.2192888013170428},"e5WuC7NGeIxM":{"frec":-0.32876578742717616,"rece":-0.3740474315269153,"final":-0.3423502806570979},"3m3b795p2Q55":{"frec":-0.32876578742717616,"rece":-0.38016746816247526,"final":-0.3441862916477659},"IlIWw3MmBevw":{"frec":-0.32876578742717616,"rece":-0.3782648072951699,"final":-0.34361549338757424},"kSWHw_v6YrUj":{"frec":-0.32876578742717616,"rece":-0.38185008916834573,"final":-0.344691077949527},"K9cB1q6ocBk3":{"frec":-0.32876578742717616,"rece":-0.38016036056680863,"final":-0.3441841593690659},"RIyq0UkXj-jl":{"frec":-0.32876578742717616,"rece":-0.3820029671861758,"final":-0.34473694135487604},"hyCYQ3m4Wrko":{"frec":-0.32876578742717616,"rece":-0.3829356883149031,"final":-0.3450167576934942},"RhI2cyUY44Ue":{"frec":-0.32876578742717616,"rece":-0.38647778494141993,"final":-0.3460793866814493},"NL6reYeerjfJ":{"frec":-0.3289288788915891,"rece":-0.394257255908555,"final":-0.34852739199667887},"j8fQjDLcF7oJ":{"frec":-0.3289288788915891,"rece":-0.4034084698421259,"final":-0.35127275617675013},"cZx_I0GnPk5P":{"frec":-0.3289288788915891,"rece":-0.4014812105022743,"final":-0.3506945783747947},"VLx7yu52vZKh":{"frec":-0.3289288788915891,"rece":-0.402444073620907,"final":-0.3509834373103845}}}