{"time_last_update":1774162699,"weights":{"frec":0.7,"rece":0.3},"init_weights":{"frec":0.7,"rece":0.3},"norms":{"rece":{"beta":0.001,"mean":3.751735882408441,"var":1.620205331527495},"frec":{"beta":0.001,"mean":20760.533443579385,"var":83.1017699738762}},"score_map":{"jEvmisf6cSXb":{"frec":4.109969903768557,"rece":1.7640732786843392,"final":3.4062009162432916},"j1naSx_DzPeD":{"frec":0.16087688132423716,"rece":-0.6130313541620075,"final":-0.07129558932163624},"K9cB1q6ocBk3":{"frec":-3.1300339707126965,"rece":-2.1690868731399706,"final":-2.841749841440879},"svSAbjb7l29v":{"frec":-3.1300339707126965,"rece":-2.1695310950540057,"final":-2.8418831080150895},"IlIWw3MmBevw":{"frec":-3.1300339707126965,"rece":-2.1701955984925183,"final":-2.842082459046643},"RIyq0UkXj-jl":{"frec":-3.1300339707126965,"rece":-2.1706360375689853,"final":-2.8422145907695833},"hyCYQ3m4Wrko":{"frec":-3.1300339707126965,"rece":-2.171420219270943,"final":-2.8424498452801705},"3m3b795p2Q55":{"frec":-3.1300339707126965,"rece":-2.1734982622671124,"final":-2.8430732581790212},"kSWHw_v6YrUj":{"frec":-3.1300339707126965,"rece":-2.174283455744924,"final":-2.8433088162223648},"RhI2cyUY44Ue":{"frec":-3.1300339707126965,"rece":-2.1743982233876418,"final":-2.8433432465151802},"cZx_I0GnPk5P":{"frec":-3.239730999113928,"rece":-2.1870122957283904,"final":-2.9239153880982665},"VLx7yu52vZKh":{"frec":-3.239730999113928,"rece":-2.1878218191924432,"final":-2.924158245137482},"8hFzNaurgQC-":{"frec":-3.239730999113928,"rece":-2.189704440367719,"final":-2.924723031490065},"Hk6EV0k4X4iO":{"frec":-3.239730999113928,"rece":-2.189707423672428,"final":-2.9247239264814775},"RusiC_iQjhwl":{"frec":-3.239730999113928,"rece":-2.191778863934985,"final":-2.9253453585602447},"LeDA8Dod7d71":{"frec":-3.239730999113928,"rece":-2.202949562820376,"final":-2.928696568225862}}}