{"time_last_update":1774364644,"weights":{"frec":0.7,"rece":0.3},"init_weights":{"frec":0.7,"rece":0.3},"norms":{"rece":{"beta":0.001,"mean":2.1793615113407414,"var":2.312629878676767},"frec":{"beta":0.001,"mean":20736.326829981146,"var":234.54678858688402}},"score_map":{"sXspFIGPiqyj":{"frec":8.205930313275728,"rece":5.140831200804325,"final":7.286400579534306}}}