{"time_last_update":1774319619,"weights":{"frec":0.7,"rece":0.3},"init_weights":{"frec":0.7,"rece":0.3},"norms":{"rece":{"beta":0.001,"mean":2.069625259671368,"var":1.4786067808124912},"frec":{"beta":0.001,"mean":20734.729013773027,"var":53.27247297832534}},"score_map":{"DOyQtgH2I1tc":{"frec":12.2309137552433,"rece":6.502116035554127,"final":10.512274439336547}}}