{"time_last_update":1774310576,"weights":{"frec":0.7,"rece":0.3},"init_weights":{"frec":0.7,"rece":0.3},"norms":{"rece":{"beta":0.001,"mean":2.0458611108445375,"var":1.294429568267254},"frec":{"beta":0.001,"mean":20734.466673306393,"var":30.439806450191536}},"score_map":{"DOyQtgH2I1tc":{"frec":14.596700465515555,"rece":6.989526318324137,"final":12.314548221358129}}}