{"time_last_update":1774191716,"weights":{"frec":0.7,"rece":0.3},"init_weights":{"frec":0.7,"rece":0.3},"norms":{"rece":{"beta":0.001,"mean":3.5724670465170325,"var":2.015435581591056},"frec":{"beta":0.001,"mean":20758.76785613062,"var":136.89606237331282}},"score_map":{"jEvmisf6cSXb":{"frec":3.35310044204072,"rece":2.3773562976739124,"final":3.0603771987306776},"j1naSx_DzPeD":{"frec":0.27624549586787417,"rece":-0.4406992471432606,"final":0.06116207296453374},"K9cB1q6ocBk3":{"frec":-2.2878002926094974,"rece":-1.8243136165877225,"final":-2.1487542898029646},"svSAbjb7l29v":{"frec":-2.2878002926094974,"rece":-1.8247086100927645,"final":-2.1488727878544776},"IlIWw3MmBevw":{"frec":-2.2878002926094974,"rece":-1.8252994736544164,"final":-2.149050046922973},"RIyq0UkXj-jl":{"frec":-2.2878002926094974,"rece":-1.8256911035337056,"final":-2.1491675358867597},"hyCYQ3m4Wrko":{"frec":-2.2878002926094974,"rece":-1.8263883826846428,"final":-2.149376719632041},"3m3b795p2Q55":{"frec":-2.2878002926094974,"rece":-1.8282361381887082,"final":-2.1499310462832604},"kSWHw_v6YrUj":{"frec":-2.2878002926094974,"rece":-1.8289343169910997,"final":-2.1501404999239777},"RhI2cyUY44Ue":{"frec":-2.2878002926094974,"rece":-1.8290363661517335,"final":-2.150171114672168},"cZx_I0GnPk5P":{"frec":-2.373268485558743,"rece":-1.840252554478571,"final":-2.2133637062346914},"VLx7yu52vZKh":{"frec":-2.373268485558743,"rece":-1.8409723670325608,"final":-2.213579650000888},"cqjq6-OW7hVc":{"frec":-2.373268485558743,"rece":-1.841061326418889,"final":-2.2136063378167865},"iOnrf33JRQ1a":{"frec":-2.373268485558743,"rece":-1.8423600722077713,"final":-2.2139959615534512},"8hFzNaurgQC-":{"frec":-2.373268485558743,"rece":-1.8426463572459972,"final":-2.2140818470649193},"Hk6EV0k4X4iO":{"frec":-2.373268485558743,"rece":-1.8426490099426485,"final":-2.2140826428739144}}}