{"time_last_update":1774305359,"weights":{"frec":0.7,"rece":0.3},"init_weights":{"frec":0.7,"rece":0.3},"norms":{"rece":{"beta":0.001,"mean":2.634092025396669,"var":4.4424246615556635},"frec":{"beta":0.001,"mean":20939.18463510689,"var":3456976.950702423}},"score_map":{"QwZVrW7qcsF9":{"frec":-0.02537770583211147,"rece":3.493304845626711,"final":1.0302270596055352},"j1naSx_DzPeD":{"frec":-0.07916153985906224,"rece":1.4725325924698227,"final":0.38634669983960324},"e5WuC7NGeIxM":{"frec":-0.09529669006714749,"rece":-0.3413026188692952,"final":-0.1690984687077918},"3m3b795p2Q55":{"frec":-0.09529669006714749,"rece":-0.34726846784738646,"final":-0.17088822340121917},"IlIWw3MmBevw":{"frec":-0.09529669006714749,"rece":-0.34541374244837275,"final":-0.17033180578151508},"kSWHw_v6YrUj":{"frec":-0.09529669006714749,"rece":-0.3489086970496205,"final":-0.17138029216188938},"K9cB1q6ocBk3":{"frec":-0.09529669006714749,"rece":-0.34726153931985143,"final":-0.17088614484295866},"RIyq0UkXj-jl":{"frec":-0.09529669006714749,"rece":-0.34905772347229663,"final":-0.17142500008869221},"hyCYQ3m4Wrko":{"frec":-0.09529669006714749,"rece":-0.3499669457080476,"final":-0.1716977667594175},"RhI2cyUY44Ue":{"frec":-0.09529669006714749,"rece":-0.3534198030678914,"final":-0.17273362396737066},"NL6reYeerjfJ":{"frec":-0.09583452840741699,"rece":-0.3610032787369267,"final":-0.1753851535062699},"j8fQjDLcF7oJ":{"frec":-0.09583452840741699,"rece":-0.36992393780237587,"final":-0.17806135122590466},"cZx_I0GnPk5P":{"frec":-0.09583452840741699,"rece":-0.3680452336625405,"final":-0.17749773998395402},"VLx7yu52vZKh":{"frec":-0.09583452840741699,"rece":-0.3689838384935901,"final":-0.1777793214332689},"cqjq6-OW7hVc":{"frec":-0.09583452840741699,"rece":-0.36909983773438143,"final":-0.17781412120550633},"iOnrf33JRQ1a":{"frec":-0.09583452840741699,"rece":-0.3707933467805823,"final":-0.17832217391936656}}}