{"time_last_update":1774212175,"weights":{"frec":0.7,"rece":0.3},"init_weights":{"frec":0.7,"rece":0.3},"norms":{"rece":{"beta":0.001,"mean":2.8365064680631606,"var":3.9578746509202976},"frec":{"beta":0.001,"mean":21974.86388326678,"var":23682026.40934482}},"score_map":{"1eCdmsuhG1YQ":{"frec":4.0044104693558955,"rece":-0.4863157401071621,"final":2.657192606516978},"xQwVWIWQFNfR":{"frec":4.0031775297042085,"rece":-0.5349148337457146,"final":2.641749820669231},"QwZVrW7qcsF9":{"frec":-0.23114821407163882,"rece":3.594232777619709,"final":0.9164660834357654},"j1naSx_DzPeD":{"frec":-0.24306663070460977,"rece":1.5363653052494184,"final":0.29076295008159864},"e5WuC7NGeIxM":{"frec":-0.249231328963043,"rece":-0.4372937190483545,"final":-0.30565004598863643},"3m3b795p2Q55":{"frec":-0.249231328963043,"rece":-0.4437852413209398,"final":-0.307597502670412},"IlIWw3MmBevw":{"frec":-0.249231328963043,"rece":-0.441767089121405,"final":-0.3069920570105516},"kSWHw_v6YrUj":{"frec":-0.249231328963043,"rece":-0.44556999726054697,"final":-0.3081329294522942},"K9cB1q6ocBk3":{"frec":-0.249231328963043,"rece":-0.4437777022948976,"final":-0.3075952409625994},"RIyq0UkXj-jl":{"frec":-0.249231328963043,"rece":-0.4457321549594023,"final":-0.3081815767619508},"hyCYQ3m4Wrko":{"frec":-0.249231328963043,"rece":-0.4467214921712194,"final":-0.30847837792549593},"RhI2cyUY44Ue":{"frec":-0.249231328963043,"rece":-0.45047859372337057,"final":-0.30960550839114126},"NL6reYeerjfJ":{"frec":-0.24943681890499078,"rece":-0.458730277832361,"final":-0.31222485658320187},"j8fQjDLcF7oJ":{"frec":-0.24943681890499078,"rece":-0.46843696957433517,"final":-0.3151368641057941},"cZx_I0GnPk5P":{"frec":-0.24943681890499078,"rece":-0.4663927257773288,"final":-0.3145235909666922},"VLx7yu52vZKh":{"frec":-0.24943681890499078,"rece":-0.467414034594949,"final":-0.3148299836119782}}}