{"time_last_update":1774282711,"weights":{"frec":0.7,"rece":0.3},"init_weights":{"frec":0.7,"rece":0.3},"norms":{"rece":{"beta":0.001,"mean":2.6669732434484783,"var":4.387745219857615},"frec":{"beta":0.001,"mean":21732.799401469114,"var":19023467.07821867}},"score_map":{"QwZVrW7qcsF9":{"frec":-0.19598343885674507,"rece":3.4890422990763543,"final":0.9095242825231846},"j1naSx_DzPeD":{"frec":-0.21570101904305863,"rece":1.4838214244905614,"final":0.2941557140170274},"e5WuC7NGeIxM":{"frec":-0.22257924468944706,"rece":-0.35316693264232446,"final":-0.2617555510753103},"3m3b795p2Q55":{"frec":-0.22257924468944706,"rece":-0.35920893416741106,"final":-0.26356815153283625},"IlIWw3MmBevw":{"frec":-0.22257924468944706,"rece":-0.35733053366974343,"final":-0.26300463138353597},"kSWHw_v6YrUj":{"frec":-0.22257924468944706,"rece":-0.36087010047882534,"final":-0.26406650142626054},"K9cB1q6ocBk3":{"frec":-0.22257924468944706,"rece":-0.35920191719898187,"final":-0.2635660464423075},"RIyq0UkXj-jl":{"frec":-0.22257924468944706,"rece":-0.3610210291859371,"final":-0.2641117800383941},"hyCYQ3m4Wrko":{"frec":-0.22257924468944706,"rece":-0.36194185741260254,"final":-0.2643880285063937},"RhI2cyUY44Ue":{"frec":-0.22257924468944706,"rece":-0.36543878961968584,"final":-0.2654371081685187},"NL6reYeerjfJ":{"frec":-0.22280851887766,"rece":-0.37311906642958065,"final":-0.26790168314323615},"j8fQjDLcF7oJ":{"frec":-0.22280851887766,"rece":-0.38215359544232597,"final":-0.2706120418470598},"cZx_I0GnPk5P":{"frec":-0.22280851887766,"rece":-0.3802509101212999,"final":-0.27004123625075194},"VLx7yu52vZKh":{"frec":-0.22280851887766,"rece":-0.38120149600463044,"final":-0.27032641201575114},"cqjq6-OW7hVc":{"frec":-0.22280851887766,"rece":-0.381318975946269,"final":-0.2703616559982427},"iOnrf33JRQ1a":{"frec":-0.22280851887766,"rece":-0.383034102205326,"final":-0.2708761938759598}}}