{"time_last_update":1774226213,"weights":{"frec":0.7,"rece":0.3},"init_weights":{"frec":0.7,"rece":0.3},"norms":{"rece":{"beta":0.001,"mean":2.731083969396443,"var":4.267513039983129},"frec":{"beta":0.001,"mean":22808.030826274706,"var":38118541.55102876}},"score_map":{"1eCdmsuhG1YQ":{"frec":3.0213644634940433,"rece":-0.4209400842412497,"final":1.9886730991734554},"xQwVWIWQFNfR":{"frec":3.020392649580761,"rece":-0.46755500314645526,"final":1.974008353762596},"QwZVrW7qcsF9":{"frec":-0.3166543596449056,"rece":3.4970922784171754,"final":0.8274696317737187},"j1naSx_DzPeD":{"frec":-0.3265344677632751,"rece":1.5191601489367168,"final":0.22717391724672248},"e5WuC7NGeIxM":{"frec":-0.3313935373296863,"rece":-0.37391950494359716,"final":-0.3441513276138595},"3m3b795p2Q55":{"frec":-0.3313935373296863,"rece":-0.3801459952266969,"final":-0.34601927469878946},"IlIWw3MmBevw":{"frec":-0.3313935373296863,"rece":-0.37821023893833183,"final":-0.34543854781227995},"kSWHw_v6YrUj":{"frec":-0.3313935373296863,"rece":-0.3818578842180664,"final":-0.34653284139620033},"K9cB1q6ocBk3":{"frec":-0.3313935373296863,"rece":-0.3801387639995017,"final":-0.3460171053306309},"RIyq0UkXj-jl":{"frec":-0.3313935373296863,"rece":-0.38201342143936134,"final":-0.3465795025625888},"hyCYQ3m4Wrko":{"frec":-0.3313935373296863,"rece":-0.3829623665831072,"final":-0.34686418610571257},"RhI2cyUY44Ue":{"frec":-0.3313935373296863,"rece":-0.38656607543979293,"final":-0.3479452987627183},"NL6reYeerjfJ":{"frec":-0.33155550631523334,"rece":-0.39448086472439853,"final":-0.35043311383798287},"j8fQjDLcF7oJ":{"frec":-0.33155550631523334,"rece":-0.4037912574604274,"final":-0.3532262316587915},"cZx_I0GnPk5P":{"frec":-0.33155550631523334,"rece":-0.4018304748267296,"final":-0.3526379968686822},"VLx7yu52vZKh":{"frec":-0.33155550631523334,"rece":-0.40281008625867554,"final":-0.35293188029826594}}}