{"time_last_update":1774221396,"weights":{"frec":0.7,"rece":0.3},"init_weights":{"frec":0.7,"rece":0.3},"norms":{"rece":{"beta":0.001,"mean":2.758849064897736,"var":4.192700717989247},"frec":{"beta":0.001,"mean":22596.143519438494,"var":34579657.283820234}},"score_map":{"1eCdmsuhG1YQ":{"frec":3.2082350850647026,"rece":-0.4369832286701317,"final":2.1146695909442523},"xQwVWIWQFNfR":{"frec":3.2072147544727563,"rece":-0.48407714414724423,"final":2.099827184886756},"QwZVrW7qcsF9":{"frec":-0.2966004982713758,"rece":3.5192687173948545,"final":0.8481602664284933},"j1naSx_DzPeD":{"frec":-0.30680380419084036,"rece":1.5230527114161296,"final":0.24215315049125066},"e5WuC7NGeIxM":{"frec":-0.3119054571505726,"rece":-0.38947948439393537,"final":-0.3351776653235814},"3m3b795p2Q55":{"frec":-0.3119054571505726,"rece":-0.39576995564215656,"final":-0.3370648066980478},"IlIWw3MmBevw":{"frec":-0.3119054571505726,"rece":-0.3938143082835516,"final":-0.3364781124904663},"kSWHw_v6YrUj":{"frec":-0.3119054571505726,"rece":-0.39749943533147447,"final":-0.33758365060484313},"K9cB1q6ocBk3":{"frec":-0.3119054571505726,"rece":-0.39576265010971506,"final":-0.3370626150383153},"RIyq0UkXj-jl":{"frec":-0.3119054571505726,"rece":-0.39765657079207906,"final":-0.33763079124302453},"hyCYQ3m4Wrko":{"frec":-0.3119054571505726,"rece":-0.3986152669228793,"final":-0.3379184000822646},"RhI2cyUY44Ue":{"frec":-0.3119054571505726,"rece":-0.4022560060743513,"final":-0.3390106218277062},"NL6reYeerjfJ":{"frec":-0.31207551224923036,"rece":-0.41025212462056954,"final":-0.34152849596063206},"j8fQjDLcF7oJ":{"frec":-0.31207551224923036,"rece":-0.4196581872903535,"final":-0.3443503147615673},"cZx_I0GnPk5P":{"frec":-0.31207551224923036,"rece":-0.41767725642553466,"final":-0.34375603550212164},"VLx7yu52vZKh":{"frec":-0.31207551224923036,"rece":-0.41866693395925064,"final":-0.3440529387622364}}}