{"time_last_update":1774382500,"weights":{"frec":0.7,"rece":0.3},"init_weights":{"frec":0.7,"rece":0.3},"norms":{"rece":{"beta":0.001,"mean":2.187149900602982,"var":2.370976256098277},"frec":{"beta":0.001,"mean":20736.486503151165,"var":259.8077630221669}},"score_map":{"sXspFIGPiqyj":{"frec":9.896266315038806,"rece":5.053002756723246,"final":8.443287247544138}}}