{"time_last_update":1774298590,"weights":{"frec":0.7,"rece":0.3},"init_weights":{"frec":0.7,"rece":0.3},"norms":{"rece":{"beta":0.001,"mean":2.652189821716964,"var":4.408246076541612},"frec":{"beta":0.001,"mean":21338.030037044522,"var":11441249.354548195}},"score_map":{"jEvmisf6cSXb":{"frec":-0.13334254500879067,"rece":3.4989128486105248,"final":0.956334073077004},"j1naSx_DzPeD":{"frec":-0.1614283502443845,"rece":1.4749190509602035,"final":0.32947587011699186},"e5WuC7NGeIxM":{"frec":-0.17029755189772994,"rece":-0.3494713527324791,"final":-0.22404969214815468},"3m3b795p2Q55":{"frec":-0.17029755189772994,"rece":-0.3554719185818287,"final":-0.22584986190295955},"IlIWw3MmBevw":{"frec":-0.17029755189772994,"rece":-0.3536064000395201,"final":-0.22529020634026697},"kSWHw_v6YrUj":{"frec":-0.17029755189772994,"rece":-0.35712169271660443,"final":-0.22634479414339226},"K9cB1q6ocBk3":{"frec":-0.17029755189772994,"rece":-0.35546494973533854,"final":-0.2258477712490125},"RIyq0UkXj-jl":{"frec":-0.17029755189772994,"rece":-0.3572715863639033,"final":-0.22638976223758195},"hyCYQ3m4Wrko":{"frec":-0.17029755189772994,"rece":-0.35818609960708997,"final":-0.22666411621053795},"RhI2cyUY44Ue":{"frec":-0.17029755189772994,"rece":-0.3616590500676602,"final":-0.227706001348709},"NL6reYeerjfJ":{"frec":-0.17059319195284145,"rece":-0.36928665601043537,"final":-0.2302012311701196},"j8fQjDLcF7oJ":{"frec":-0.17059319195284145,"rece":-0.37825922677754725,"final":-0.23289300240025318},"cZx_I0GnPk5P":{"frec":-0.17059319195284145,"rece":-0.3763695899557089,"final":-0.23232611135370168},"VLx7yu52vZKh":{"frec":-0.17059319195284145,"rece":-0.3773136567793771,"final":-0.23260933140080214},"cqjq6-OW7hVc":{"frec":-0.17059319195284145,"rece":-0.3774303310507841,"final":-0.23264433368222423},"iOnrf33JRQ1a":{"frec":-0.17059319195284145,"rece":-0.3791336950791924,"final":-0.23315534289074674}}}