{"time_last_update":1774222599,"weights":{"frec":0.7,"rece":0.3},"init_weights":{"frec":0.7,"rece":0.3},"norms":{"rece":{"beta":0.001,"mean":2.7514821000407266,"var":4.213368795306942},"frec":{"beta":0.001,"mean":22653.231678127617,"var":35541974.25406718}},"score_map":{"1eCdmsuhG1YQ":{"frec":3.154928948686766,"rece":-0.4326340660744002,"final":2.0786600442584158},"xQwVWIWQFNfR":{"frec":3.1539225258648043,"rece":-0.4795961448699706,"final":2.0638669246443717},"QwZVrW7qcsF9":{"frec":-0.301965707614308,"rece":3.514577446036847,"final":0.8429972384810385},"j1naSx_DzPeD":{"frec":-0.3121976729709175,"rece":1.5219148672207201,"final":0.23803608908657375},"e5WuC7NGeIxM":{"frec":-0.31722978708072547,"rece":-0.3852633057716695,"final":-0.3376398426880087},"3m3b795p2Q55":{"frec":-0.31722978708072547,"rece":-0.3915361672109314,"final":-0.33952170111978724},"IlIWw3MmBevw":{"frec":-0.31722978708072547,"rece":-0.38958599457353843,"final":-0.3389366493285694},"kSWHw_v6YrUj":{"frec":-0.31722978708072547,"rece":-0.39326080532229335,"final":-0.3400390925531958},"K9cB1q6ocBk3":{"frec":-0.31722978708072547,"rece":-0.3915288821299036,"final":-0.3395195155954789},"RIyq0UkXj-jl":{"frec":-0.31722978708072547,"rece":-0.393417500891301,"final":-0.34008610122389815},"hyCYQ3m4Wrko":{"frec":-0.31722978708072547,"rece":-0.39437351320795644,"final":-0.3403729049188947},"RhI2cyUY44Ue":{"frec":-0.31722978708072547,"rece":-0.39800406032159874,"final":-0.3414620690529874},"NL6reYeerjfJ":{"frec":-0.31739752421771905,"rece":-0.40597779419829716,"final":-0.34397160521189246},"j8fQjDLcF7oJ":{"frec":-0.31739752421771905,"rece":-0.41535752514186564,"final":-0.346785524494963},"cZx_I0GnPk5P":{"frec":-0.31739752421771905,"rece":-0.4133821397779663,"final":-0.3461929088857932},"VLx7yu52vZKh":{"frec":-0.31739752421771905,"rece":-0.41436904676689906,"final":-0.34648898098247305}}}