{"time_last_update":1774321157,"weights":{"frec":0.7,"rece":0.3},"init_weights":{"frec":0.7,"rece":0.3},"norms":{"rece":{"beta":0.001,"mean":2.1012299938328804,"var":1.7220414396800567},"frec":{"beta":0.001,"mean":20735.150479498,"var":97.446127109873}},"score_map":{"DOyQtgH2I1tc":{"frec":11.026666221637024,"rece":6.008416100708444,"final":9.521191185358449}}}