{"time_last_update":1774226513,"weights":{"frec":0.7,"rece":0.3},"init_weights":{"frec":0.7,"rece":0.3},"norms":{"rece":{"beta":0.001,"mean":2.7299515458133237,"var":4.270361774360432},"frec":{"beta":0.001,"mean":22816.452010484256,"var":38257332.76767813}},"score_map":{"1eCdmsuhG1YQ":{"frec":3.014517486637936,"rece":-0.4203291241682221,"final":1.9840635033960883},"xQwVWIWQFNfR":{"frec":3.0135474371156588,"rece":-0.46692448506353246,"final":1.9694058604619014},"QwZVrW7qcsF9":{"frec":-0.31744094746409884,"rece":3.4960593674395044,"final":0.8266091470069821},"j1naSx_DzPeD":{"frec":-0.32730311760725106,"rece":1.5189571099628836,"final":0.22657495066378933},"e5WuC7NGeIxM":{"frec":-0.3321533652186374,"rece":-0.3733282730815541,"final":-0.3445058375775124},"3m3b795p2Q55":{"frec":-0.3321533652186374,"rece":-0.3795521509443937,"final":-0.34637300093636425},"IlIWw3MmBevw":{"frec":-0.3321533652186374,"rece":-0.3776172068325063,"final":-0.34579251770279806},"kSWHw_v6YrUj":{"frec":-0.3321533652186374,"rece":-0.38126332168627103,"final":-0.3468863521589275},"K9cB1q6ocBk3":{"frec":-0.3321533652186374,"rece":-0.37954492275117174,"final":-0.34637083247839767},"RIyq0UkXj-jl":{"frec":-0.3321533652186374,"rece":-0.38141879364952014,"final":-0.3469329937479022},"hyCYQ3m4Wrko":{"frec":-0.3321533652186374,"rece":-0.3823673406486603,"final":-0.34721755784764424},"RhI2cyUY44Ue":{"frec":-0.3321533652186374,"rece":-0.3859695375135817,"final":-0.3482982169071207},"NL6reYeerjfJ":{"frec":-0.3323150401390169,"rece":-0.39388100602598003,"final":-0.35078482990510584},"j8fQjDLcF7oJ":{"frec":-0.3323150401390169,"rece":-0.4031874924427972,"final":-0.353576775830151},"cZx_I0GnPk5P":{"frec":-0.3323150401390169,"rece":-0.4012275324857673,"final":-0.352988787843042},"VLx7yu52vZKh":{"frec":-0.3323150401390169,"rece":-0.4022067329065921,"final":-0.35328254796928943}}}