{"time_last_update":1774301480,"weights":{"frec":0.7,"rece":0.3},"init_weights":{"frec":0.7,"rece":0.3},"norms":{"rece":{"beta":0.001,"mean":2.6436682376893414,"var":4.426103544758237},"frec":{"beta":0.001,"mean":21139.05637785686,"var":7499773.92300481}},"score_map":{"jEvmisf6cSXb":{"frec":-0.09276967090327233,"rece":3.4941251506291144,"final":0.9832987755564436},"j1naSx_DzPeD":{"frec":-0.12672898130037333,"rece":1.4737256858335877,"final":0.35340741883981497},"e5WuC7NGeIxM":{"frec":-0.13768359755750267,"rece":-0.34547116756760543,"final":-0.2000198685605335},"3m3b795p2Q55":{"frec":-0.13768359755750267,"rece":-0.35145465141495996,"final":-0.20181491371473986},"IlIWw3MmBevw":{"frec":-0.13768359755750267,"rece":-0.3495944435037253,"final":-0.20125685134136945},"kSWHw_v6YrUj":{"frec":-0.13768359755750267,"rece":-0.35309972908514026,"final":-0.20230843701579393},"K9cB1q6ocBk3":{"frec":-0.13768359755750267,"rece":-0.3514477024069069,"final":-0.20181282901232395},"RIyq0UkXj-jl":{"frec":-0.13768359755750267,"rece":-0.3532491960254176,"final":-0.20235327709787715},"hyCYQ3m4Wrko":{"frec":-0.13768359755750267,"rece":-0.3541611058946164,"final":-0.2026268500586368},"RhI2cyUY44Ue":{"frec":-0.13768359755750267,"rece":-0.3576241697964542,"final":-0.2036657692291881},"NL6reYeerjfJ":{"frec":-0.1380487514327403,"rece":-0.36523006199035896,"final":-0.2062031446000259},"j8fQjDLcF7oJ":{"frec":-0.1380487514327403,"rece":-0.3741770902543814,"final":-0.20888725307923262},"cZx_I0GnPk5P":{"frec":-0.1380487514327403,"rece":-0.3722928327218918,"final":-0.20832197581948575},"VLx7yu52vZKh":{"frec":-0.1380487514327403,"rece":-0.373234212040453,"final":-0.20860438961505412},"cqjq6-OW7hVc":{"frec":-0.1380487514327403,"rece":-0.37335055417149404,"final":-0.20863929225436642},"iOnrf33JRQ1a":{"frec":-0.1380487514327403,"rece":-0.3750490691792495,"final":-0.20914884675669304}}}