{"time_last_update":1774163301,"weights":{"frec":0.7,"rece":0.3},"init_weights":{"frec":0.7,"rece":0.3},"norms":{"rece":{"beta":0.001,"mean":3.642075429752045,"var":1.8649415851470632},"frec":{"beta":0.001,"mean":20759.45718039858,"var":116.6362215212564}},"score_map":{"jEvmisf6cSXb":{"frec":3.5688373983031942,"rece":1.7237986446840017,"final":3.015325772217436},"j1naSx_DzPeD":{"frec":0.2354500730496056,"rece":-0.49146756067394365,"final":0.017374782932540828},"K9cB1q6ocBk3":{"frec":-2.5423726979950514,"rece":-1.941583452596239,"final":-2.3621359243754076},"svSAbjb7l29v":{"frec":-2.5423726979950514,"rece":-1.941997430921065,"final":-2.3622601178728555},"IlIWw3MmBevw":{"frec":-2.5423726979950514,"rece":-1.9426166935274898,"final":-2.362445896654783},"RIyq0UkXj-jl":{"frec":-2.5423726979950514,"rece":-1.943027146558515,"final":-2.3625690325640902},"hyCYQ3m4Wrko":{"frec":-2.5423726979950514,"rece":-1.9437579394732247,"final":-2.3627882704385033},"3m3b795p2Q55":{"frec":-2.5423726979950514,"rece":-1.9456945048053034,"final":-2.3633692400381268},"kSWHw_v6YrUj":{"frec":-2.5423726979950514,"rece":-1.9464262406119774,"final":-2.363588760780129},"RhI2cyUY44Ue":{"frec":-2.5423726979950514,"rece":-1.9465331946252205,"final":-2.363620846984102},"cZx_I0GnPk5P":{"frec":-2.634966790363207,"rece":-1.9582884736240003,"final":-2.4319632953414447},"VLx7yu52vZKh":{"frec":-2.634966790363207,"rece":-1.9590428829788011,"final":-2.432189618147885},"cqjq6-OW7hVc":{"frec":-2.634966790363207,"rece":-1.9591361180757318,"final":-2.432217588676964},"iOnrf33JRQ1a":{"frec":-2.634966790363207,"rece":-1.9604972862954442,"final":-2.432625939142878},"8hFzNaurgQC-":{"frec":-2.634966790363207,"rece":-1.9607973312304483,"final":-2.4327159526233793},"Hk6EV0k4X4iO":{"frec":-2.634966790363207,"rece":-1.960800111425317,"final":-2.4327167866818398}}}