{"time_last_update":1774161495,"weights":{"frec":0.7,"rece":0.3},"init_weights":{"frec":0.7,"rece":0.3},"norms":{"rece":{"beta":0.001,"mean":3.9488215428850353,"var":1.1287756228938564},"frec":{"beta":0.001,"mean":20762.47243754055,"var":18.198684689461594}},"score_map":{"jEvmisf6cSXb":{"frec":0.12366701665768788,"rece":0.04765169045466261,"final":0.10086241879678029},"j1naSx_DzPeD":{"frec":-0.11074506942304319,"rece":-0.918990359813679,"final":-0.3532186565402339},"OrsCrqWjLGqz":{"frec":-7.143107651844975,"rece":-2.785411399977872,"final":-5.835798776284844},"3m3b795p2Q55":{"frec":-7.143107651844975,"rece":-2.789180200445303,"final":-5.836929416425073},"8hFzNaurgQC-":{"frec":-7.377519737925707,"rece":-2.808602995944392,"final":-6.0068447153313125},"Hk6EV0k4X4iO":{"frec":-7.377519737925707,"rece":-2.8086065713782125,"final":-6.006845787961458},"RusiC_iQjhwl":{"frec":-7.377519737925707,"rece":-2.8110891530429614,"final":-6.007590562460883},"EM-JQztjw5KL":{"frec":-8.0807559961679,"rece":-2.874425990574816,"final":-6.518856994489974},"8C9XY44r2Dtl":{"frec":-8.315168082248631,"rece":-2.897857316019684,"final":-6.689974852379946},"PtiXx8IjMRUw":{"frec":-8.315168082248631,"rece":-2.909599263388746,"final":-6.693497436590665}}}