{"time_last_update":1774237166,"weights":{"frec":0.7,"rece":0.3},"init_weights":{"frec":0.7,"rece":0.3},"norms":{"rece":{"beta":0.001,"mean":2.7277621811162627,"var":4.274287048716481},"frec":{"beta":0.001,"mean":22751.943123806355,"var":37179938.78848552}},"score_map":{"QwZVrW7qcsF9":{"frec":-0.3114279750638915,"rece":3.480838012412129,"final":0.8262518211789145},"j1naSx_DzPeD":{"frec":-0.3214320169126113,"rece":1.5106667550297048,"final":0.22819761467008354},"e5WuC7NGeIxM":{"frec":-0.32635203749394887,"rece":-0.3749849649765506,"final":-0.34094191573872934},"3m3b795p2Q55":{"frec":-0.32635203749394887,"rece":-0.38118702419147243,"final":-0.3428025335032059},"IlIWw3MmBevw":{"frec":-0.32635203749394887,"rece":-0.3792588632885823,"final":-0.3422240852323389},"kSWHw_v6YrUj":{"frec":-0.32635203749394887,"rece":-0.3828921961922484,"final":-0.3433140851034387},"K9cB1q6ocBk3":{"frec":-0.32635203749394887,"rece":-0.381179821337662,"final":-0.34280037264706276},"RIyq0UkXj-jl":{"frec":-0.32635203749394887,"rece":-0.38304712312744565,"final":-0.3433605631839979},"hyCYQ3m4Wrko":{"frec":-0.32635203749394887,"rece":-0.3839923448664403,"final":-0.34364412970569624},"RhI2cyUY44Ue":{"frec":-0.32635203749394887,"rece":-0.38758191374172896,"final":-0.3447210003682829},"NL6reYeerjfJ":{"frec":-0.3265160381799935,"rece":-0.39546564752831975,"final":-0.34720092098449135},"j8fQjDLcF7oJ":{"frec":-0.3265160381799935,"rece":-0.404739508794876,"final":-0.3499830793644582},"cZx_I0GnPk5P":{"frec":-0.3265160381799935,"rece":-0.40278641974328117,"final":-0.34939715264897975},"VLx7yu52vZKh":{"frec":-0.3265160381799935,"rece":-0.40376218744423353,"final":-0.34968988295926545},"cqjq6-OW7hVc":{"frec":-0.3265160381799935,"rece":-0.40388277952809565,"final":-0.3497260605844241},"iOnrf33JRQ1a":{"frec":-0.3265160381799935,"rece":-0.40564334092080173,"final":-0.3502542290022359}}}