{"time_last_update":1774200918,"weights":{"frec":0.7,"rece":0.3},"init_weights":{"frec":0.7,"rece":0.3},"norms":{"rece":{"beta":0.001,"mean":3.277880232271788,"var":2.7798191007504434},"frec":{"beta":0.001,"mean":20755.770323733446,"var":231.05443332034028}},"score_map":{"jEvmisf6cSXb":{"frec":4.225504612608267,"rece":3.9880798147376093,"final":4.15427717324707},"j1naSx_DzPeD":{"frec":0.4098343216013754,"rece":-0.20321476321906795,"final":0.2259195961552424},"K9cB1q6ocBk3":{"frec":-1.563788242712534,"rece":-1.378237343314098,"final":-1.508122972893003},"svSAbjb7l29v":{"frec":-1.563788242712534,"rece":-1.3785727881444383,"final":-1.508223606342105},"IlIWw3MmBevw":{"frec":-1.563788242712534,"rece":-1.3790745739324646,"final":-1.508374142078513},"RIyq0UkXj-jl":{"frec":-1.563788242712534,"rece":-1.3794071622326205,"final":-1.5084739185685598},"hyCYQ3m4Wrko":{"frec":-1.563788242712534,"rece":-1.3799993205428223,"final":-1.5086515660616202},"3m3b795p2Q55":{"frec":-1.563788242712534,"rece":-1.3815685109818052,"final":-1.5091223231933153},"kSWHw_v6YrUj":{"frec":-1.563788242712534,"rece":-1.3821614333132515,"final":-1.509300199892749},"RhI2cyUY44Ue":{"frec":-1.563788242712534,"rece":-1.3822480976835214,"final":-1.50932619920383},"cZx_I0GnPk5P":{"frec":-1.6295756615229975,"rece":-1.3917733489657298,"final":-1.558234967755817},"VLx7yu52vZKh":{"frec":-1.6295756615229975,"rece":-1.3923846435742941,"final":-1.5584183561383864},"cqjq6-OW7hVc":{"frec":-1.6295756615229975,"rece":-1.3924601915665349,"final":-1.5584410205360586},"iOnrf33JRQ1a":{"frec":-1.6295756615229975,"rece":-1.393563140235934,"final":-1.5587719051368782},"8hFzNaurgQC-":{"frec":-1.6295756615229975,"rece":-1.3938062653376149,"final":-1.5588448426673827},"Hk6EV0k4X4iO":{"frec":-1.6295756615229975,"rece":-1.3938085181173867,"final":-1.5588455185013141}}}