{"time_last_update":1774204066,"weights":{"frec":0.7,"rece":0.3},"init_weights":{"frec":0.7,"rece":0.3},"norms":{"rece":{"beta":0.001,"mean":2.965020107277977,"var":3.5272156840432527},"frec":{"beta":0.001,"mean":20912.80256433394,"var":3252957.560503854}},"score_map":{"1eCdmsuhG1YQ":{"frec":11.393460897950325,"rece":-0.5812626910122508,"final":7.801043821261551},"xQwVWIWQFNfR":{"frec":11.3901342101027,"rece":-0.632862985689636,"final":7.783235051364998},"jEvmisf6cSXb":{"frec":-0.049790849909230835,"rece":3.702249552284067,"final":1.0758212707487584},"j1naSx_DzPeD":{"frec":-0.07030542496959247,"rece":1.0338255938124605,"final":0.26093388066502343},"e5WuC7NGeIxM":{"frec":-0.0836121763600973,"rece":-0.5292133513449607,"final":-0.2172925288555563},"3m3b795p2Q55":{"frec":-0.0836121763600973,"rece":-0.5361057527683587,"final":-0.21936024928257572},"IlIWw3MmBevw":{"frec":-0.0836121763600973,"rece":-0.5339629710742329,"final":-0.21871741477433795},"kSWHw_v6YrUj":{"frec":-0.0836121763600973,"rece":-0.5380007249893609,"final":-0.21992874094887638},"K9cB1q6ocBk3":{"frec":-0.0836121763600973,"rece":-0.5360977481753462,"final":-0.21935784790467194},"RIyq0UkXj-jl":{"frec":-0.0836121763600973,"rece":-0.5381728966168274,"final":-0.21998039243711634},"hyCYQ3m4Wrko":{"frec":-0.0836121763600973,"rece":-0.5392233296155319,"final":-0.22029552233672767},"RhI2cyUY44Ue":{"frec":-0.0836121763600973,"rece":-0.5432124481918107,"final":-0.2214922579096113},"NL6reYeerjfJ":{"frec":-0.08416662433470166,"rece":-0.5519737089423781,"final":-0.22450874971700457},"j8fQjDLcF7oJ":{"frec":-0.08416662433470166,"rece":-0.5622798302448355,"final":-0.2276005861077418},"cZx_I0GnPk5P":{"frec":-0.08416662433470166,"rece":-0.5601093456859575,"final":-0.2269494407400784},"VLx7yu52vZKh":{"frec":-0.08416662433470166,"rece":-0.5611937246733057,"final":-0.22727475443628287}}}