{"time_last_update":1774268378,"weights":{"frec":0.7,"rece":0.3},"init_weights":{"frec":0.7,"rece":0.3},"norms":{"rece":{"beta":0.001,"mean":2.71785053748913,"var":4.282124037881529},"frec":{"beta":0.001,"mean":22701.1168636575,"var":36319683.065360405}},"score_map":{"1eCdmsuhG1YQ":{"frec":3.1130224533657525,"rece":-0.42462882324629486,"final":2.051727070382138},"xQwVWIWQFNfR":{"frec":3.1120268640545006,"rece":-0.47060532564273394,"final":2.03723720714533},"QwZVrW7qcsF9":{"frec":-0.30566530992247637,"rece":3.448123857621772,"final":0.8204714403407982},"j1naSx_DzPeD":{"frec":-0.3167827238981261,"rece":1.4889006886559097,"final":0.22492229986808465},"e5WuC7NGeIxM":{"frec":-0.32176067045438717,"rece":-0.37825221619573407,"final":-0.33870813417679124},"3m3b795p2Q55":{"frec":-0.32176067045438717,"rece":-0.3843934313291229,"final":-0.34055049871680787},"IlIWw3MmBevw":{"frec":-0.32176067045438717,"rece":-0.38248418626936154,"final":-0.3399777251988795},"kSWHw_v6YrUj":{"frec":-0.32176067045438717,"rece":-0.3860818750755164,"final":-0.3410570318407259},"K9cB1q6ocBk3":{"frec":-0.32176067045438717,"rece":-0.38438629913749245,"final":-0.34054835905931874},"RIyq0UkXj-jl":{"frec":-0.32176067045438717,"rece":-0.3862352821305012,"final":-0.34110305395722135},"hyCYQ3m4Wrko":{"frec":-0.32176067045438717,"rece":-0.3871712309576192,"final":-0.34138383860535676},"RhI2cyUY44Ue":{"frec":-0.32176067045438717,"rece":-0.39072558507378546,"final":-0.34245014484020664},"NL6reYeerjfJ":{"frec":-0.32192660200626255,"rece":-0.3985319770413653,"final":-0.3449082145167933},"j8fQjDLcF7oJ":{"frec":-0.32192660200626255,"rece":-0.4077148589168074,"final":-0.347663079079426},"cZx_I0GnPk5P":{"frec":-0.32192660200626255,"rece":-0.40578093026103895,"final":-0.34708290048269547},"VLx7yu52vZKh":{"frec":-0.32192660200626255,"rece":-0.40674712538496544,"final":-0.3473727590198734}}}