{"time_last_update":1774309035,"weights":{"frec":0.7,"rece":0.3},"init_weights":{"frec":0.7,"rece":0.3},"norms":{"rece":{"beta":0.001,"mean":2.0049918623395797,"var":1.0099868611427212},"frec":{"beta":0.001,"mean":20734.06897,"var":3.4147638990000906}},"score_map":{"DOyQtgH2I1tc":{"frec":21.067623735367174,"rece":2.9801404294043943,"final":15.64137874357834}}}