{"time_last_update":1774222899,"weights":{"frec":0.7,"rece":0.3},"init_weights":{"frec":0.7,"rece":0.3},"norms":{"rece":{"beta":0.001,"mean":2.7500694978468863,"var":4.21726782305212},"frec":{"beta":0.001,"mean":22664.11115921621,"var":35724626.02059646}},"score_map":{"1eCdmsuhG1YQ":{"frec":3.1450331797228404,"rece":-0.4318242630453341,"final":2.0719759468923877},"xQwVWIWQFNfR":{"frec":3.1440293330016384,"rece":-0.4787605873524048,"final":2.057192356895425},"QwZVrW7qcsF9":{"frec":-0.30301299981853563,"rece":3.5132225575509333,"final":0.841857667392305},"j1naSx_DzPeD":{"frec":-0.3132187748174208,"rece":1.521652775450499,"final":0.2372426902629551},"e5WuC7NGeIxM":{"frec":-0.31823800842342986,"rece":-0.3844794813562578,"final":-0.33811045030327824},"3m3b795p2Q55":{"frec":-0.31823800842342986,"rece":-0.3907489026935919,"final":-0.33999127670447843},"IlIWw3MmBevw":{"frec":-0.31823800842342986,"rece":-0.3887997995509925,"final":-0.3394065457616986},"kSWHw_v6YrUj":{"frec":-0.31823800842342986,"rece":-0.39247259499562115,"final":-0.34050838439508724},"K9cB1q6ocBk3":{"frec":-0.31823800842342986,"rece":-0.3907416216077777,"final":-0.3399890923787342},"RIyq0UkXj-jl":{"frec":-0.31823800842342986,"rece":-0.3926292046311623,"final":-0.34055536728574953},"hyCYQ3m4Wrko":{"frec":-0.31823800842342986,"rece":-0.39358469266080054,"final":-0.34084201369464107},"RhI2cyUY44Ue":{"frec":-0.31823800842342986,"rece":-0.3972132487449509,"final":-0.3419305805198861},"NL6reYeerjfJ":{"frec":-0.31840531621029683,"rece":-0.4051826097437296,"final":-0.34443850427032663},"j8fQjDLcF7oJ":{"frec":-0.31840531621029683,"rece":-0.4145571967460818,"final":-0.3472508803710323},"cZx_I0GnPk5P":{"frec":-0.31840531621029683,"rece":-0.4125828947038952,"final":-0.3466585897583763},"VLx7yu52vZKh":{"frec":-0.31840531621029683,"rece":-0.41356926046285375,"final":-0.3469544994860639}}}