{"time_last_update":1774388399,"weights":{"frec":0.7,"rece":0.3},"init_weights":{"frec":0.7,"rece":0.3},"norms":{"rece":{"beta":0.001,"mean":4.106244880790517,"var":2.9709305604811878},"frec":{"beta":0.001,"mean":20773.199943621355,"var":336.19704755193754}},"score_map":{"-MHYgWIZWp_X":{"frec":4.897558832738877,"rece":3.4156853289154063,"final":4.452996781591835},"U0al4KqK-tr_":{"frec":-2.1924439348703477,"rece":-1.8391322047348555,"final":-2.0864504158296997}}}