{"time_last_update":1774379497,"weights":{"frec":0.7,"rece":0.3},"init_weights":{"frec":0.7,"rece":0.3},"norms":{"rece":{"beta":0.001,"mean":4.014119550641949,"var":1.6444048249823475},"frec":{"beta":0.001,"mean":20771.818779218567,"var":76.340718654995}},"score_map":{"-MHYgWIZWp_X":{"frec":6.315579148625424,"rece":4.637249093928296,"final":5.812080132216285},"U0al4KqK-tr_":{"frec":-4.442871490265557,"rece":-2.398330209403924,"final":-3.829509106007067}}}