{"time_last_update":1774417701,"weights":{"frec":0.7,"rece":0.3},"init_weights":{"frec":0.7,"rece":0.3},"norms":{"rece":{"beta":0.001,"mean":4.156075638986975,"var":3.685378328385062},"frec":{"beta":0.001,"mean":20774.113741299192,"var":501.8793134908426}},"score_map":{"-MHYgWIZWp_X":{"frec":4.235490143415219,"rece":3.0378678484120076,"final":3.876203454914255},"U0al4KqK-tr_":{"frec":-1.835216694344893,"rece":-1.681304801152161,"final":-1.7890431263870732}}}