{"time_last_update":1774363343,"weights":{"frec":0.7,"rece":0.3},"init_weights":{"frec":0.7,"rece":0.3},"norms":{"rece":{"beta":0.001,"mean":4.008382956524035,"var":1.5611667864489356},"frec":{"beta":0.001,"mean":20771.786066641936,"var":67.51164943425584}},"score_map":{"-MHYgWIZWp_X":{"frec":6.11131799786957,"rece":4.792077345878207,"final":5.71554580227216},"U0al4KqK-tr_":{"frec":-4.720482369807648,"rece":-2.453360666023996,"final":-4.040345858672552}}}