{"time_last_update":1774385011,"weights":{"frec":0.7,"rece":0.3},"init_weights":{"frec":0.7,"rece":0.3},"norms":{"rece":{"beta":0.001,"mean":4.076098368294031,"var":2.5388085615612885},"frec":{"beta":0.001,"mean":20772.641580889132,"var":234.2309224129063}},"score_map":{"-MHYgWIZWp_X":{"frec":5.511963310031014,"rece":3.7008519115437934,"final":4.968629890484848},"U0al4KqK-tr_":{"frec":-2.590173473087002,"rece":-1.9699701635989921,"final":-2.404112480240599}}}