{"time_last_update":1774380291,"weights":{"frec":0.7,"rece":0.3},"init_weights":{"frec":0.7,"rece":0.3},"norms":{"rece":{"beta":0.001,"mean":4.0284130317435425,"var":1.8513922156270715},"frec":{"beta":0.001,"mean":20771.943816603423,"var":103.52779675595255}},"score_map":{"-MHYgWIZWp_X":{"frec":6.78694119434449,"rece":4.3659971719943,"final":6.060657987639432},"U0al4KqK-tr_":{"frec":-3.8274544026404067,"rece":-2.270951579075455,"final":-3.3605035555709213}}}