{"time_last_update":1774456144,"weights":{"frec":0.7,"rece":0.3},"init_weights":{"frec":0.7,"rece":0.3},"norms":{"rece":{"beta":0.001,"mean":4.163576401015409,"var":3.793619169678965},"frec":{"beta":0.001,"mean":20774.28143552135,"var":532.2150996457382}},"score_map":{"-MHYgWIZWp_X":{"frec":4.23578084883756,"rece":2.9547753910562484,"final":3.851479211503167},"U0al4KqK-tr_":{"frec":-1.7894155007982395,"rece":-1.6662179136038748,"final":-1.75245622463993}}}