{"time_last_update":1774160652,"weights":{"frec":0.7,"rece":0.3},"init_weights":{"frec":0.7,"rece":0.3},"norms":{"rece":{"beta":0.001,"mean":3.985300950633516,"var":1.0922357688813915},"frec":{"beta":0.001,"mean":20771.804944344854,"var":18.555262007625412}},"score_map":{"KJ3EGvqsBuu-":{"frec":7.009746119213874,"rece":2.881946369462171,"final":5.771406194288363},"U0al4KqK-tr_":{"frec":-9.008521498826912,"rece":-2.8570684541026012,"final":-7.163085585409618}}}