{"time_last_update":1774410047,"weights":{"frec":0.7,"rece":0.3},"init_weights":{"frec":0.7,"rece":0.3},"norms":{"rece":{"beta":0.001,"mean":4.132634813644527,"var":3.3499408843962115},"frec":{"beta":0.001,"mean":20773.658982420275,"var":419.70787918995205}},"score_map":{"-MHYgWIZWp_X":{"frec":4.312100124172413,"rece":3.187992054836375,"final":3.974867703371601},"U0al4KqK-tr_":{"frec":-1.9846455015640274,"rece":-1.7495525400355745,"final":-1.9141176131054913}}}