{"time_last_update":1774275526,"weights":{"frec":0.7,"rece":0.3},"init_weights":{"frec":0.7,"rece":0.3},"norms":{"rece":{"beta":0.001,"mean":3.985829037644446,"var":1.1281650059526944},"frec":{"beta":0.001,"mean":20771.787681448895,"var":23.314163030631377}},"score_map":{"KJ3EGvqsBuu-":{"frec":6.257115052223687,"rece":3.563373529251514,"final":5.448992595332035},"U0al4KqK-tr_":{"frec":-8.03311354685383,"rece":-2.8421664459834206,"final":-6.475829416592706}}}