{"time_last_update":1774160352,"weights":{"frec":0.7,"rece":0.3},"init_weights":{"frec":0.7,"rece":0.3},"norms":{"rece":{"beta":0.001,"mean":3.9852548357845428,"var":1.0605147181384094},"frec":{"beta":0.001,"mean":20771.822276465376,"var":13.776677490972158}},"score_map":{"KJ3EGvqsBuu-":{"frec":7.052768533713647,"rece":1.954303796283411,"final":5.523229112484576},"U0al4KqK-tr_":{"frec":-10.459447686503236,"rece":-2.899354410396937,"final":-8.191419703671345}}}