{"time_last_update":1774453048,"weights":{"frec":0.7,"rece":0.3},"init_weights":{"frec":0.7,"rece":0.3},"norms":{"rece":{"beta":0.001,"mean":4.15856648195454,"var":3.7213678372168144},"frec":{"beta":0.001,"mean":20774.168417930334,"var":511.75927057966516}},"score_map":{"-MHYgWIZWp_X":{"frec":4.236193588334317,"rece":2.970890102635436,"final":3.8566025426246524},"U0al4KqK-tr_":{"frec":-1.8198320878347485,"rece":-1.6792957771352328,"final":-1.7776711946248938}}}